日期,證券代號,證券名稱,成交股數,成交金額,開盤價,最高價,最低價,收盤價,漲跌價差,成交筆數
"1150226","0050","元大台灣50","133517321","10841079880","81.25","81.50","80.80","81.15","0.0500","133768"
"1150226","0051","元大中型100","93613","10570397","112.05","113.85","111.25","113.75","1.6500","504"
"1150226","0052","富邦科技","62412762","3019697480","48.50","48.58","48.10","48.42","0.0400","40310"
"1150226","0053","元大電子","23896","4279766","180.05","180.50","178.00","179.40","0.0000","250"
"1150226","0055","元大MSCI金融","437262","15081679","34.01","34.81","34.01","34.78","0.7800","631"
"1150226","0056","元大高股息","58492851","2350046324","40.05","40.36","39.95","40.29","0.2400","30081"
"1150226","0057","富邦摩台","6198","1479118","238.80","239.70","238.15","239.70","0.9000","124"
"1150226","0061","元大寶滬深","270835","6449076","23.82","23.95","23.74","23.81","-0.0600","227"
"1150226","006203","元大MSCI台灣","22154","3241561","146.70","147.35","145.55","146.30","-0.4000","115"
"1150226","006204","永豐臺灣加權","4309","780765","181.05","181.65","181.05","181.65","0.9500","127"
"1150226","006205","富邦上証","427169","17623611","41.66","41.66","41.06","41.26","-0.2000","293"
"1150226","006206","元大上證50","81277","3065613","37.99","38.10","37.51","37.66","-0.3200","293"
"1150226","006207","復華滬深","168233","5360784","31.94","32.00","31.75","31.87","-0.0700","140"
"1150226","006208","富邦台50","4278281","804149091","187.80","188.95","187.05","188.00","0.2500","11846"
"1150226","00625K","富邦上証+R","","","","","","","0.0000",""
"1150226","00631L","元大台灣50正2","4570614","2449001632","534.95","541.50","529.00","537.85","3.9500","12871"
"1150226","00632R","元大台灣50反1","58617623","787211150","13.47","13.52","13.36","13.41","-0.0300","8009"
"1150226","00633L","富邦上証正2","5476898","252749892","47.04","47.20","45.63","45.90","-1.3200","1689"
"1150226","00634R","富邦上証反1","106000","349270","3.26","3.30","3.26","3.29","0.0300","9"
"1150226","00635U","期元大S&P黃金","5947329","326483652","55.00","55.00","54.75","55.00","0.0500","4506"
"1150226","00636","國泰中國A50","7733294","203754088","26.67","26.75","26.30","26.35","-0.3200","834"
"1150226","00636K","國泰中國A50+U","200","1700","8.50","8.50","8.50","8.50","-0.1100","2"
"1150226","00637L","元大滬深300正2","71058957","1345560404","19.34","19.36","18.70","18.75","-0.6100","9184"
"1150226","00638R","元大滬深300反1","134000","946740","7.03","7.10","7.03","7.10","0.1300","28"
"1150226","00639","富邦深100","948173","14879465","15.67","15.73","15.61","15.70","0.0200","303"
"1150226","00640L","富邦日本正2","650750","64997948","99.75","100.30","99.35","99.45","0.9500","413"
"1150226","00641R","富邦日本反1","1218734","4864760","4.00","4.00","3.98","4.00","-0.0200","96"
"1150226","00642U","期元大S&P石油","2120022","36674315","17.34","17.34","17.24","17.29","-0.1300","699"
"1150226","00643","群益深証中小","3470468","63991125","18.38","18.50","18.28","18.47","0.1500","334"
"1150226","00643K","群益深証中小+R","1000","4010","4.01","4.01","4.01","4.01","0.0300","1"
"1150226","00645","富邦日本","881040","47953510","54.25","54.60","54.20","54.40","0.3000","588"
"1150226","00646","元大S&P500","2878699","196208520","68.15","68.25","68.05","68.15","0.2500","3927"
"1150226","00647L","元大S&P500正2","59626","6981302","117.15","117.20","116.90","117.05","1.2000","128"
"1150226","00648R","元大S&P500反1","325002","1401488","4.31","4.32","4.30","4.32","-0.0200","53"
"1150226","00650L","復華香港正2","5122888","95474575","18.82","19.08","18.37","18.38","-0.3200","1220"
"1150226","00651R","復華香港反1","311890","1591061","5.08","5.13","5.04","5.11","0.0300","40"
"1150226","00652","富邦印度","405750","14731106","36.44","36.44","36.24","36.31","-0.1300","496"
"1150226","00653L","富邦印度正2","158226","8608287","54.85","54.85","54.30","54.40","-0.5000","122"
"1150226","00654R","富邦印度反1","27102","173033","6.38","6.39","6.38","6.39","0.0200","7"
"1150226","00655L","國泰中國A50正2","3076825","97979932","32.46","32.51","31.42","31.60","-0.9500","711"
"1150226","00656R","國泰中國A50反1","374000","2335120","6.19","6.27","6.19","6.27","0.0800","14"
"1150226","00657","國泰日經225","158780","10988330","69.30","69.50","69.00","69.00","-0.4000","161"
"1150226","00657K","國泰日經225+U","200","4432","22.16","22.16","22.16","22.16","0.0600","2"
"1150226","00660","元大歐洲50","19603","880676","44.84","45.13","44.84","44.92","0.3000","91"
"1150226","00661","元大日經225","260001","19789926","76.15","76.35","75.85","75.95","-0.2000","372"
"1150226","00662","富邦NASDAQ","3842758","389741996","101.50","101.65","101.20","101.35","0.7500","3252"
"1150226","00663L","國泰臺灣加權正2","8421452","589960627","69.85","70.85","69.20","70.30","0.4000","4295"
"1150226","00664R","國泰臺灣加權反1","13822355","30088242","2.17","2.19","2.16","2.17","-0.0100","643"
"1150226","00665L","富邦恒生國企正2","43001383","456479350","10.90","10.96","10.47","10.48","-0.3900","5781"
"1150226","00666R","富邦恒生國企反1","146800","1295581","8.74","8.85","8.74","8.85","0.1700","26"
"1150226","00668","國泰美國道瓊","52731","2966580","56.25","56.30","56.20","56.25","0.1000","113"
"1150226","00668K","國泰美國道瓊+U","200","3612","18.06","18.06","18.06","18.06","0.1000","2"
"1150226","00669R","國泰美國道瓊反1","599230","3328497","5.57","5.57","5.55","5.56","-0.0300","81"
"1150226","00670L","富邦NASDAQ正2","1177704","185803409","157.65","158.00","157.45","157.75","3.0500","1300"
"1150226","00671R","富邦NASDAQ反1","3042385","8719523","2.86","2.87","2.86","2.86","-0.0400","210"
"1150226","00673R","期元大S&P原油反1","3728343","91237816","24.43","24.54","24.42","24.46","0.1400","631"
"1150226","00674R","期元大S&P黃金反1","2148468","10266731","4.77","4.79","4.77","4.78","0.0100","117"
"1150226","00675L","富邦臺灣加權正2","1901857","403035413","211.30","214.25","209.50","212.80","1.6500","2152"
"1150226","00676R","富邦臺灣加權反1","3646475","26925954","7.41","7.43","7.35","7.37","-0.0200","324"
"1150226","00678","群益那斯達克生技","236957","8596537","36.41","36.41","36.24","36.24","-0.1700","162"
"1150226","00680L","元大美債20正2","37439050","282830640","7.54","7.57","7.53","7.55","0.0100","1168"
"1150226","00681R","元大美債20反1","136225","2756559","20.27","20.27","20.20","20.25","-0.0200","17"
"1150226","00682U","期元大美元指數","","","","","","","0.0000",""
"1150226","00683L","期元大美元指正2","105179","2147608","20.54","20.54","20.41","20.45","-0.0900","11"
"1150226","00684R","期元大美元指反1","28560","445664","15.60","15.64","15.59","15.59","0.0200","16"
"1150226","00685L","群益臺灣加權正2","929904","177342737","190.25","192.80","188.45","191.45","1.4000","941"
"1150226","00686R","群益臺灣加權反1","7071644","9387163","1.33","1.33","1.32","1.33","0.0000","147"
"1150226","00688L","國泰20年美債正2","14777529","111486139","7.53","7.56","7.53","7.53","0.0000","539"
"1150226","00689R","國泰20年美債反1","52150","1094659","20.99","21.00","20.99","21.00","-0.0600","5"
"1150226","00690","兆豐藍籌30","767674","42162571","55.35","55.35","54.50","55.05","0.0000","609"
"1150226","00692","富邦公司治理","2325712","165566404","70.95","71.55","70.80","71.15","0.2000","1454"
"1150226","00693U","期街口S&P黃豆","1405538","30779458","21.86","21.94","21.86","21.94","0.0800","322"
"1150226","00700","富邦恒生國企","703532","12743607","18.25","18.40","17.96","17.97","-0.3200","302"
"1150226","00701","國泰股利精選30","1681547","51266702","30.16","30.61","30.16","30.50","0.3500","902"
"1150226","00702","國泰標普低波高息","44963","1098547","24.46","24.50","24.40","24.44","-0.1100","103"
"1150226","00703","台新MSCI中國","256564","5396134","21.39","21.39","20.89","20.89","-0.5000","129"
"1150226","00706L","期元大S&P日圓正2","1583528","32312737","20.42","20.45","20.37","20.43","-0.0400","329"
"1150226","00707R","期元大S&P日圓反1","3257","101385","31.13","31.13","31.12","31.12","-0.0700","4"
"1150226","00708L","期元大S&P黃金正2","4266830","524876735","123.30","123.55","122.25","123.30","0.0000","2511"
"1150226","00709","富邦歐洲","64939","2590086","39.90","39.90","39.85","39.89","0.1500","234"
"1150226","00710B","復華彭博非投等債","324867","6143845","18.94","18.94","18.87","18.93","-0.0200","105"
"1150226","00711B","復華彭博新興債","123778","2046074","16.56","16.56","16.52","16.52","0.0000","33"
"1150226","00712","復華富時不動產","36571070","335962295","9.20","9.20","9.18","9.20","0.0000","10033"
"1150226","00713","元大台灣高息低波","13520465","729379921","53.75","54.15","53.70","54.00","0.1500","8254"
"1150226","00714","群益道瓊美國地產","323560","6826317","20.95","21.18","20.95","21.07","-0.1000","118"
"1150226","00715L","期街口布蘭特正2","3629381","97666992","27.04","27.04","26.75","26.90","-0.1500","1149"
"1150226","00717","富邦美國特別股","131507","1992965","15.19","15.19","15.12","15.14","-0.0200","244"
"1150226","00728","第一金工業30","210968","9621535","45.26","45.78","45.26","45.40","0.6000","344"
"1150226","00730","富邦臺灣優質高息","1305338","31177194","23.50","24.20","23.38","23.93","0.5500","690"
"1150226","00731","復華富時高息低波","895385","67814931","75.20","75.95","75.20","75.80","0.6000","434"
"1150226","00733","富邦臺灣中小","5429525","304470247","54.50","56.95","54.45","56.75","2.2000","3270"
"1150226","00735","國泰臺韓科技","6174971","461199093","74.90","75.25","74.00","74.80","1.7000","3443"
"1150226","00736","國泰新興市場","113533","3415572","30.18","30.18","30.00","30.12","0.1100","82"
"1150226","00737","國泰AI機器人","193905","6766032","34.85","34.92","34.85","34.89","0.0800","227"
"1150226","00738U","期元大道瓊白銀","14859566","1081778678","73.20","73.60","71.50","73.10","0.0500","7763"
"1150226","00739","元大MSCI A股","57983","1604128","27.75","27.75","27.55","27.67","-0.0800","242"
"1150226","00752","中信中國50","6169283","155764873","25.56","25.65","25.08","25.08","-0.4900","2920"
"1150226","00753L","中信中國50正2","28187448","332308585","12.06","12.12","11.67","11.68","-0.3400","5238"
"1150226","00757","統一FANG+","3089790","329917408","106.90","106.95","106.60","106.80","1.7000","5581"
"1150226","00762","元大全球AI","438118","36327737","83.00","83.10","82.70","82.95","1.0500","892"
"1150226","00763U","期街口道瓊銅","1201763","39201133","32.70","32.75","32.42","32.66","0.0800","715"
"1150226","00770","國泰北美科技","515256","26834578","52.05","52.15","52.00","52.15","0.6500","917"
"1150226","00771","元大US高息特別股","56913","921819","16.20","16.22","16.18","16.19","0.0000","181"
"1150226","00775B","新光投等債15+","122138","4008716","32.92","32.92","32.74","32.74","-0.1900","99"
"1150226","00783","富邦中証500","47797","1408320","29.40","29.64","29.38","29.58","0.0900","137"
"1150226","00830","國泰費城半導體","13693942","801313867","58.60","58.65","58.30","58.50","0.3500","9085"
"1150226","00850","元大臺灣ESG永續","1437690","95443954","66.90","66.90","65.95","66.50","0.0000","1792"
"1150226","00851","台新全球AI","26168","1480369","56.05","56.90","56.05","56.90","1.6500","110"
"1150226","00852L","國泰美國道瓊正2","300225","9494337","31.63","31.67","31.58","31.61","0.2100","90"
"1150226","00861","元大全球未來通訊","163346","11166975","68.10","68.60","68.10","68.30","0.8500","508"
"1150226","00865B","國泰US短期公債","1895314","89340456","47.22","47.22","47.08","47.14","-0.0800","802"
"1150226","00875","國泰網路資安","90790","3204264","35.35","35.36","35.22","35.27","0.2900","195"
"1150226","00876","元大全球5G","458641","31006800","66.90","67.85","66.90","67.70","0.8500","1115"
"1150226","00878","國泰永續高股息","90567714","2144443443","23.61","23.78","23.58","23.74","0.0000","40637"
"1150226","00881","國泰台灣科技龍頭","17500045","669818901","38.21","38.50","37.98","38.31","0.2200","9321"
"1150226","00882","中信中國高股息","11871108","191669027","16.25","16.29","16.07","16.10","-0.1400","3284"
"1150226","00885","富邦越南","5354896","100925537","18.78","18.97","18.70","18.93","0.1500","1840"
"1150226","00891","中信關鍵半導體","30959319","781530394","25.22","25.49","25.05","25.33","0.0000","10789"
"1150226","00892","富邦台灣半導體","1364745","38921553","28.07","28.77","28.07","28.71","0.7500","767"
"1150226","00893","國泰智能電動車","1447930","50852737","35.21","35.25","35.05","35.05","-0.1200","1128"
"1150226","00894","中信小資高價30","1832890","62294016","34.05","34.17","33.64","34.00","0.0000","1332"
"1150226","00895","富邦未來車","909872","38807383","42.60","42.78","42.59","42.63","0.1300","711"
"1150226","00896","中信綠能及電動車","2692563","60995702","22.90","22.90","22.48","22.68","0.1500","1236"
"1150226","00897","富邦基因免疫生技","737224","7435445","10.19","10.19","10.07","10.08","-0.1100","391"
"1150226","00898","國泰基因免疫革命","546440","4517200","8.28","8.28","8.25","8.25","-0.0600","287"
"1150226","00899","FT潔淨能源","292683","6901842","23.55","23.64","23.54","23.62","0.1500","360"
"1150226","00900","富邦特選高股息30","29194265","438073114","14.88","15.10","14.87","15.07","0.1800","5289"
"1150226","00901","永豐智能車供應鏈","675483","21340568","31.60","31.80","31.40","31.68","0.0800","278"
"1150226","00902","中信電池及儲能","5402254","82414040","15.29","15.38","15.16","15.17","-0.0700","1493"
"1150226","00903","富邦元宇宙","481492","7771088","16.11","16.17","16.11","16.11","0.0400","330"
"1150226","00904","新光臺灣半導體30","4117139","124254178","30.13","30.50","29.90","30.40","0.2700","1630"
"1150226","00905","FT臺灣Smart","1478030","30556837","20.60","20.82","20.50","20.72","0.1600","1098"
"1150226","00907","永豐優息存股","1746424","27756225","15.75","15.96","15.75","15.87","0.1100","543"
"1150226","00908","富邦入息REITs+","234651","3360657","14.27","14.35","14.27","14.33","0.0800","124"
"1150226","00909","國泰數位支付服務","3654249","143228481","39.46","39.46","39.09","39.15","0.7900","3114"
"1150226","00910","第一金太空衛星","1988409","109711443","55.30","55.35","55.00","55.35","-0.0500","5364"
"1150226","00911","兆豐洲際半導體","392903","15264789","39.11","39.11","38.79","38.81","0.3700","2258"
"1150226","00912","中信臺灣智慧50","517520","13309059","25.81","25.87","25.64","25.78","0.0300","251"
"1150226","00913","兆豐台灣晶圓製造","1980755","61477471","31.50","31.50","30.70","31.14","0.0000","1284"
"1150226","00915","凱基優選高股息30","10047441","249262755","24.64","24.89","24.64","24.84","0.2000","3068"
"1150226","00916","國泰全球品牌50","468457","12258936","26.18","26.19","26.15","26.15","0.2400","386"
"1150226","00917","中信特選金融","1564175","33250531","21.24","21.27","21.24","21.26","0.2800","852"
"1150226","00918","大華優利高填息30","29355985","702272015","23.76","24.02","23.76","23.93","0.2000","8308"
"1150226","00919","群益台灣精選高息","160894750","3945720961","24.28","24.64","24.28","24.60","0.3300","36550"
"1150226","00920","富邦ESG綠色電力","2383041","52835795","22.22","22.71","22.06","22.14","0.1300","818"
"1150226","00921","兆豐龍頭等權重","1538973","29838824","19.33","19.45","19.29","19.37","0.0900","566"
"1150226","00922","國泰台灣領袖50","11326513","361073294","31.83","32.00","31.67","31.91","0.1500","5165"
"1150226","00923","群益台ESG低碳50","33015961","1015317813","30.81","30.94","30.54","30.77","0.0000","14345"
"1150226","00924","復華S&P500成長","3789869","108234932","28.57","28.60","28.52","28.55","0.2300","2709"
"1150226","00926","凱基全球菁英55","1125580","26744444","23.78","23.78","23.70","23.75","0.1700","381"
"1150226","00927","群益半導體收益","12989192","337103122","25.76","26.13","25.59","26.01","0.2600","2690"
"1150226","00929","復華台灣科技優息","142348034","2872901434","20.04","20.33","19.97","20.22","0.2400","21623"
"1150226","00930","永豐ESG低碳高息","3054900","56758999","18.45","18.68","18.45","18.56","0.1100","893"
"1150226","00932","兆豐永續高息等權","1253590","18803689","14.96","15.06","14.93","14.98","0.0000","503"
"1150226","00934","中信成長高股息","2291643","51703253","22.50","22.72","22.37","22.60","0.0000","1095"
"1150226","00935","野村臺灣新科技50","9655508","386136629","39.95","40.33","39.53","40.22","0.4900","3878"
"1150226","00936","台新永續高息中小","8492289","153313251","18.03","18.10","17.96","17.98","-0.0500","1539"
"1150226","00938","凱基優選30","705915","13872712","19.54","19.74","19.53","19.71","0.0000","234"
"1150226","00939","統一台灣高息動能","21263658","352947528","16.36","16.76","16.36","16.72","0.3900","4080"
"1150226","00940","元大台灣價值高息","334637708","3344309722","9.92","10.03","9.92","10.01","0.0900","37030"
"1150226","00941","中信上游半導體","2229593","51169926","22.99","22.99","22.91","22.96","0.1400","1312"
"1150226","00943","兆豐電子高息等權","794536","12170692","15.27","15.39","15.20","15.29","0.0000","212"
"1150226","00944","野村趨勢動能高息","2439276","38121619","15.50","15.70","15.50","15.64","0.0000","606"
"1150226","00945B","凱基美國非投等債","7604089","109289157","14.39","14.40","14.36","14.37","0.0000","1788"
"1150226","00946","群益科技高息成長","5761660","60030609","10.37","10.47","10.35","10.39","0.0200","1332"
"1150226","00947","台新臺灣IC設計","8105496","200083320","24.51","24.90","24.29","24.89","0.4400","2618"
"1150226","00949","復華日本龍頭","1274139","25851469","20.19","20.38","20.19","20.19","0.0500","761"
"1150226","00951","台新日本半導體","8674982","131178385","15.39","15.39","14.96","15.16","-0.2000","1980"
"1150226","00952","凱基台灣AI50","3165515","41999203","13.23","13.38","13.13","13.27","0.0000","862"
"1150226","00953B","群益優選非投等債","51488398","494733083","9.62","9.63","9.60","9.60","-0.0300","9400"
"1150226","00954","中信日本半導體","5366119","87047684","16.34","16.40","16.00","16.27","-0.1500","1381"
"1150226","00956","中信日經高股息","291827","3809900","13.03","13.09","13.03","13.04","0.0600","225"
"1150226","00960","野村全球航運龍頭","1339218","22666216","16.74","16.98","16.74","16.94","0.1100","717"
"1150226","00961","FT臺灣永續高息","2560283","26546831","10.39","10.45","10.32","10.43","0.0000","406"
"1150226","00962","台新AI優息動能","787770","9204214","11.63","11.78","11.60","11.73","0.1000","254"
"1150226","00963","中信全球高股息","1841751","23056085","12.50","12.55","12.50","12.53","0.0000","354"
"1150226","00964","中信亞太高股息","2509394","34761237","13.96","13.97","13.81","13.86","0.0000","569"
"1150226","00965","元大航太防衛科技","7040968","182762192","26.00","26.04","25.88","25.91","0.0500","3723"
"1150226","00971","野村美國研發龍頭","1044634","15953337","15.26","15.30","15.24","15.27","0.1000","496"
"1150226","00972","野村日本動能高息","245827","5083654","20.66","20.75","20.64","20.65","0.0300","50"
"1150226","009800","中信NASDAQ","2512336","27631973","11.00","11.04","10.98","10.99","0.0800","1559"
"1150226","009801","中信美國創新科技","1797926","19018909","10.56","10.60","10.56","10.58","0.1200","592"
"1150226","009802","富邦旗艦50","2784417","38441393","13.72","13.93","13.63","13.85","0.1500","882"
"1150226","009803","保德信市值動能50","2173947","35843109","16.41","16.58","16.34","16.49","0.1200","687"
"1150226","009804","聯邦台精彩50","618877","11045324","17.84","17.92","17.74","17.90","0.1100","329"
"1150226","009805","新光美國電力基建","22164888","334923429","15.17","15.17","15.07","15.15","-0.0400","6422"
"1150226","009808","華南永昌優選50","1298941","30618216","23.58","23.76","23.47","23.65","0.0000","229"
"1150226","009809","富邦淨零ESG50","1520209","19698146","12.92","13.00","12.87","12.93","0.0200","79"
"1150226","00980A","主動野村臺灣優選","24086697","424467013","17.64","17.72","17.47","17.62","0.0000","7667"
"1150226","009810","保德信全球藍籌","443173","8338049","18.82","18.84","18.80","18.82","0.1400","179"
"1150226","009811","統一美國50","3632900","41587306","11.45","11.46","11.44","11.44","0.0500","1548"
"1150226","009812","野村日本東證","3707622","45208641","12.33","12.33","12.16","12.16","-0.0200","631"
"1150226","009813","貝萊德標普卓越50","6410705","65724661","10.25","10.28","10.24","10.25","0.0400","1630"
"1150226","009816","凱基台灣TOP50","623790160","7170065792","11.53","11.55","11.40","11.48","0.0300","143101"
"1150226","009817","國泰日本不動產","14950286","150667610","10.04","10.10","10.02","10.09","0.0500","1122"
"1150226","00981A","主動統一台股增長","117635078","2369519354","20.10","20.29","19.87","20.20","0.1800","31423"
"1150226","00981T","平衡凱基雙核收息","5759784","66185880","11.50","11.51","11.46","11.49","0.0000","879"
"1150226","00982A","主動群益台灣強棒","61347076","1017022909","16.48","16.72","16.40","16.68","0.0000","13722"
"1150226","00982D","主動富邦動態入息","1073206","10913947","10.18","10.18","10.16","10.17","-0.0100","239"
"1150226","00982T","平衡兆豐台美動能","2088272","25119205","12.00","12.06","11.90","12.01","-0.0200","211"
"1150226","00983A","主動中信ARK創新","2026837","22053712","10.89","10.90","10.86","10.88","0.1200","1038"
"1150226","00983D","主動富邦複合收益","1962988","20115259","10.26","10.27","10.23","10.24","-0.0200","347"
"1150226","00984A","主動安聯台灣高息","8068587","103411168","12.70","12.87","12.69","12.84","0.1700","1978"
"1150226","00984D","主動聯博全球非投","5149845","50977581","9.90","9.92","9.89","9.90","-0.0200","970"
"1150226","00985A","主動野村台灣50","5820696","95885936","16.44","16.56","16.34","16.50","0.1500","2471"
"1150226","00985B","群益ESG投等債0-5","11259142","115533370","10.28","10.28","10.25","10.27","-0.0100","977"
"1150226","00986A","主動台新龍頭成長","818804","10126949","12.36","12.39","12.33","12.35","0.1100","286"
"1150226","00987A","主動台新優勢成長","4053113","47367306","11.55","11.80","11.49","11.80","0.2600","818"
"1150226","00988A","主動統一全球創新","30971707","409225596","13.20","13.25","13.10","13.25","0.1000","6624"
"1150226","00989A","主動摩根美國科技","1241581","17624294","14.16","14.22","14.16","14.19","0.1200","514"
"1150226","00990A","主動元大AI新經濟","28095829","357685354","12.63","12.78","12.63","12.76","0.1300","5660"
"1150226","00991A","主動復華未來50","67600726","866164064","12.85","12.90","12.66","12.88","0.0400","13578"
"1150226","00992A","主動群益科技創新","28427990","365015480","12.74","12.95","12.68","12.92","0.1900","5421"
"1150226","00993A","主動安聯台灣","40759268","437263336","10.70","10.79","10.61","10.76","0.1000","5396"
"1150226","00994A","主動第一金台股優","2266971","27162404","11.94","12.10","11.85","12.10","0.1600","675"
"1150226","00995A","主動中信台灣卓越","10033020","116096540","11.55","11.65","11.45","11.63","0.1300","1906"
"1150226","01001T","土銀富邦R1","278000","3297040","11.88","11.88","11.80","11.88","0.0000","14"
"1150226","01002T","土銀國泰R1","125091","1821546","14.55","14.58","14.53","14.57","0.0200","15"
"1150226","01004T","土銀富邦R2","453010","4972760","10.95","11.00","10.91","11.00","0.0900","22"
"1150226","01007T","兆豐國泰R2","67000","917290","13.70","13.70","13.65","13.69","-0.0400","8"
"1150226","01009T","王道圓滿R1","895978","5078474","5.67","5.73","5.66","5.73","0.0700","58"
"1150226","01010T","京城樂富R1","52100","523614","10.05","10.06","10.05","10.05","0.0000","10"
"1150226","020000","富邦特選蘋果N","","","","","","","0.0000",""
"1150226","020011","統一微波高息20N","","","","","","","0.0000",""
"1150226","020012","富邦行動通訊N","7000","128400","18.10","18.40","18.10","18.40","0.6300","3"
"1150226","02001L","富邦蘋果正二N","26000","1957050","75.45","76.05","74.05","75.15","-0.9000","19"
"1150226","02001R","富邦蘋果反一N","89000","61370","0.69","0.70","0.68","0.69","0.0100","9"
"1150226","020020","元大台股領航N","24000","457590","18.97","19.12","18.97","19.09","0.2500","8"
"1150226","020028","元大特選電動車N","23000","351350","15.30","15.33","15.15","15.27","0.1000","10"
"1150226","020029","元大ESG高股息N","15000","164620","10.93","11.07","10.92","11.07","0.1700","10"
"1150226","020030","統一智慧電動車N","20000","224620","11.20","11.28","11.20","11.28","0.1800","6"
"1150226","020031","統一IC設計臺灣N","46000","320990","6.99","7.00","6.92","7.00","0.1300","6"
"1150226","020032","元大綠能N","39000","353670","8.95","9.12","8.95","9.06","0.1100","8"
"1150226","020034","元大IC設計N","92000","812470","8.78","8.85","8.78","8.83","0.1500","11"
"1150226","020036","元大金融配息N","2000","16180","8.07","8.11","8.07","8.11","0.1300","2"
"1150226","020037","元大金融高股息N","","","","","","","0.0000",""
"1150226","020038","元大ESG配息N","23000","194200","8.39","8.52","8.39","8.52","0.1300","10"
"1150226","020039","元大加權N","16000","179120","11.19","11.23","11.17","11.23","0.0400","6"
"1150226","1101","台泥","35021019","921146297","26.40","26.50","26.05","26.40","-0.1500","8646"
"1150226","1101B","台泥乙特","1440","65412","45.50","45.50","45.50","45.50","0.0000","8"
"1150226","1102","亞泥","12766815","457373924","35.80","35.95","35.70","35.85","0.0500","4868"
"1150226","1103","嘉泥","228428","3223819","14.15","14.20","14.05","14.15","0.0000","302"
"1150226","1104","環泥","746272","22370552","30.15","30.15","29.85","30.05","-0.1000","584"
"1150226","1108","幸福","224095","3416879","15.25","15.30","15.20","15.30","0.0500","142"
"1150226","1109","信大","136580","2157843","15.85","15.85","15.75","15.85","0.0000","152"
"1150226","1110","東泥","198183","3265537","16.45","16.70","16.35","16.70","0.2500","140"
"1150226","1201","味全","413239","6007752","14.50","14.60","14.45","14.60","0.0500","399"
"1150226","1203","味王","41361","1701026","41.60","41.60","40.30","41.25","0.2500","153"
"1150226","1210","大成","1917185","97839385","51.20","51.30","50.90","50.90","-0.2000","1874"
"1150226","1213","大飲","7080","70509","9.99","9.99","9.90","9.90","0.1600","8"
"1150226","1215","卜蜂","1478598","227497537","152.00","156.00","152.00","152.50","1.5000","2038"
"1150226","1216","統一","25709817","1873598815","74.10","74.10","72.50","72.50","-2.2000","15657"
"1150226","1217","愛之味","1541402","16127859","10.55","10.55","10.40","10.50","-0.0500","803"
"1150226","1218","泰山","799511","14586405","18.25","18.30","18.15","18.30","0.0500","470"
"1150226","1219","福壽","241484","3282836","13.55","13.70","13.55","13.65","0.0500","293"
"1150226","1220","台榮","248672","3267595","13.10","13.25","13.10","13.20","0.1000","399"
"1150226","1225","福懋油","338721","9987688","29.45","29.80","29.30","29.70","0.3000","561"
"1150226","1227","佳格","1507145","45042661","30.25","30.25","29.75","30.00","-0.2000","2280"
"1150226","1229","聯華","2875701","128223664","44.70","45.00","44.30","44.85","0.2000","2702"
"1150226","1231","聯華食","1122431","97458999","88.10","88.80","86.50","86.50","-1.4000","2550"
"1150226","1232","大統益","108494","16348349","149.50","151.50","149.50","151.50","0.0000","226"
"1150226","1233","天仁","24910","834344","33.65","33.65","33.15","33.50","0.0000","59"
"1150226","1234","黑松","140154","5223218","37.40","37.40","37.20","37.30","0.0500","128"
"1150226","1235","興泰","41245","1854230","44.50","46.00","44.10","45.75","1.7500","69"
"1150226","1236","宏亞","150815","4002433","26.35","26.65","26.30","26.65","0.3500","176"
"1150226","1256","鮮活果汁-KY","49946","7827985","156.50","158.00","156.00","156.00","0.5000","128"
"1150226","1301","台塑","68859027","3565331901","53.00","53.20","50.90","51.60","-1.8000","42300"
"1150226","1303","南亞","133968653","12381083741","95.50","96.50","90.10","91.80","-3.1000","125359"
"1150226","1304","台聚","5977546","74192792","12.85","12.85","12.25","12.30","-0.4500","2481"
"1150226","1305","華夏","4439291","55234309","12.65","12.70","12.25","12.40","-0.4000","1848"
"1150226","1307","三芳","2354729","82819911","36.15","36.15","34.85","35.25","-0.9000","1822"
"1150226","1308","亞聚","1968114","27688470","14.35","14.35","13.90","13.95","-0.4000","1254"
"1150226","1309","台達化","1513137","18984922","12.70","12.80","12.40","12.45","-0.2500","1172"
"1150226","1310","台苯","3706538","34413349","9.33","9.41","9.17","9.30","-0.0300","1656"
"1150226","1312","國喬","6546495","90151457","14.05","14.05","13.60","13.65","-0.4000","2831"
"1150226","1312A","國喬特","47000","1067350","22.80","22.80","22.70","22.70","-0.1500","10"
"1150226","1313","聯成","4642927","52531666","11.30","11.50","11.15","11.15","-0.1500","1846"
"1150226","1314","中石化","17578907","146737083","8.35","8.48","8.25","8.31","-0.0100","4678"
"1150226","1315","達新","39089","2548131","66.10","66.10","65.00","65.30","-0.3000","186"
"1150226","1316","上曜","2701960","37015318","13.90","13.90","13.60","13.65","-0.2000","1486"
"1150226","1319","東陽","3847239","385698359","100.00","101.50","99.80","99.80","0.1000","2620"
"1150226","1321","大洋","129124","4328911","33.60","33.65","33.30","33.65","0.0000","92"
"1150226","1323","永裕","53330","989836","18.50","18.70","18.45","18.70","0.0500","44"
"1150226","1324","地球","83481","890881","10.70","10.80","10.55","10.65","-0.0500","210"
"1150226","1325","恆大","255627","7433937","29.20","29.25","28.95","29.10","-0.1500","303"
"1150226","1326","台化","134891641","6793440149","49.20","52.00","48.50","51.00","1.8000","65339"
"1150226","1337","再生-KY","527215","2880082","5.68","5.68","5.40","5.43","-0.1300","503"
"1150226","1338","廣華-KY","486533","8989750","18.75","18.75","18.20","18.50","-0.0500","495"
"1150226","1339","昭輝","115946","5108757","43.35","44.45","42.50","44.20","0.6000","112"
"1150226","1340","勝悅-KY","153914","1105119","7.29","7.29","7.12","7.15","-0.1400","354"
"1150226","1341","富林-KY","2344","145334","62.00","62.00","62.00","62.00","-0.6000","18"
"1150226","1342","八貫","893781","91877721","103.00","104.50","101.50","101.50","-1.5000","1473"
"1150226","1402","遠東新","29322297","842001522","28.45","28.85","28.45","28.80","0.3500","8232"
"1150226","1409","新纖","3907964","61087116","15.70","15.80","15.50","15.55","-0.1000","1533"
"1150226","1410","南染","59746","1990890","33.25","33.55","33.20","33.50","0.0000","106"
"1150226","1413","宏洲","10679","106745","10.15","10.15","9.97","10.00","-0.1500","15"
"1150226","1414","東和","302067","5987256","20.00","20.05","19.70","19.85","-0.1500","497"
"1150226","1416","廣豐","222124","2608512","11.80","11.80","11.70","11.80","0.0500","264"
"1150226","1417","嘉裕","79400","699164","8.84","8.84","8.79","8.82","0.0000","222"
"1150226","1418","東華","19259","377220","19.35","19.90","19.30","19.90","0.4500","107"
"1150226","1419","新紡","185248","12464213","67.00","67.90","66.60","67.80","1.0000","181"
"1150226","1423","利華","21022","800341","37.95","38.25","37.95","38.10","-0.1000","37"
"1150226","1432","大魯閣","481315","8610326","18.00","18.10","17.70","17.95","-0.0500","832"
"1150226","1434","福懋","3730062","67920689","18.35","18.35","18.00","18.30","-0.1500","2113"
"1150226","1435","中福","7251","171833","23.65","23.95","23.55","23.90","0.1000","54"
"1150226","1436","華友聯","625092","35936600","59.30","59.30","56.40","56.80","-2.3000","1012"
"1150226","1437","勤益控","103763","3440122","33.25","33.30","32.85","33.30","0.1000","94"
"1150226","1438","三地開發","45516","1570884","35.25","35.25","34.05","34.50","-0.9000","150"
"1150226","1439","雋揚","62953","1823266","29.25","29.45","28.60","29.40","0.1000","113"
"1150226","1440","南紡","1776523","23773014","13.50","13.50","13.30","13.45","0.0500","833"
"1150226","1441","大東","25367","256025","10.15","10.15","10.00","10.10","-0.0500","127"
"1150226","1442","名軒","379136","10953031","28.95","29.20","28.75","28.75","-0.1500","290"
"1150226","1443","立益物流","32125","868500","27.80","27.80","26.80","26.80","-0.9000","48"
"1150226","1444","力麗","630580","4025661","6.40","6.42","6.35","6.38","-0.0200","482"
"1150226","1445","大宇","57830","864257","15.20","15.20","14.85","14.95","-0.2500","84"
"1150226","1446","宏和","366732","5883897","16.20","16.20","16.00","16.15","0.0000","216"
"1150226","1447","力鵬","1024043","5624536","5.48","5.55","5.46","5.52","0.0400","369"
"1150226","1449","佳和","594457","6442652","10.95","10.95","10.75","10.85","0.0000","362"
"1150226","1451","年興","202588","3731895","18.65","18.65","18.30","18.40","-0.1000","136"
"1150226","1452","宏益","77457","892092","11.60","11.60","11.45","11.55","-0.0500","133"
"1150226","1453","大將","82465","1089911","13.30","13.40","13.10","13.25","-0.0500","268"
"1150226","1454","台富","63606","894612","14.10","14.25","13.95","14.25","0.1500","169"
"1150226","1455","集盛","827149","6940374","8.45","8.50","8.33","8.33","-0.1000","524"
"1150226","1456","怡華","32989","433365","13.05","13.35","13.00","13.05","-0.3000","32"
"1150226","1457","宜進","77655","1244493","16.20","16.20","15.90","16.00","-0.1000","108"
"1150226","1459","聯發","479178","5909459","12.45","12.55","12.20","12.40","-0.1000","304"
"1150226","1460","宏遠","820741","5592316","6.79","6.85","6.77","6.83","0.0400","319"
"1150226","1463","強盛新","30127","553713","18.20","18.45","18.20","18.45","0.0500","242"
"1150226","1464","得力","445841","4908442","11.15","11.15","10.95","11.00","0.0000","441"
"1150226","1465","偉全","47680","594991","12.50","12.50","12.40","12.50","0.0000","172"
"1150226","1466","聚隆","2981042","57696927","18.40","19.95","18.25","19.95","1.8000","1518"
"1150226","1467","南緯","143086","1079032","7.50","7.61","7.48","7.58","0.0800","119"
"1150226","1468","昶和","58004","779804","13.45","13.50","13.20","13.50","0.0500","51"
"1150226","1470","大統新創","1000","23700","23.70","23.70","23.70","23.70","0.0000","1"
"1150226","1471","首利","6164904","81601439","13.00","13.60","12.50","13.60","1.2000","2483"
"1150226","1472","三洋實業","262061","23855590","90.70","92.80","90.40","91.00","0.6000","3795"
"1150226","1473","台南","84740","2128090","25.10","25.50","24.85","25.20","-0.1000","131"
"1150226","1474","弘裕","92690","950025","10.30","10.30","10.20","10.30","0.0000","155"
"1150226","1475","業旺","44097","1347899","30.60","31.00","30.45","30.80","0.0000","33"
"1150226","1476","儒鴻","18387941","7778057951","423.50","433.00","416.50","423.00","-1.0000","2900"
"1150226","1477","聚陽","1108542","358009344","320.00","327.00","319.00","320.00","0.0000","3036"
"1150226","1503","士電","11206281","2620261515","231.00","242.50","221.50","236.00","8.5000","15917"
"1150226","1504","東元","24223402","1994337476","83.30","83.30","81.00","82.90","0.3000","13261"
"1150226","1506","正道","329326","3812594","11.55","11.70","11.50","11.65","0.0000","188"
"1150226","1512","瑞利","129358","1001874","7.81","7.81","7.72","7.75","-0.0600","194"
"1150226","1513","中興電","16103208","2814642939","171.50","178.00","168.00","175.50","5.0000","13118"
"1150226","1514","亞力","17045564","2184270440","129.00","132.00","122.50","128.00","-2.5000","14664"
"1150226","1515","力山","386440","10225941","27.00","27.00","26.30","26.45","-0.5500","356"
"1150226","1516","川飛","68238","1458796","21.05","22.10","20.90","22.05","1.0000","238"
"1150226","1517","利奇","1088537","13558134","12.20","12.80","12.15","12.45","0.3500","494"
"1150226","1519","華城","10806654","11417568480","1080.00","1115.00","997.00","1070.00","20.0000","21029"
"1150226","1521","大億","50456","1362449","27.05","27.20","26.70","27.10","0.0000","102"
"1150226","1522","堤維西","1140531","50288037","44.00","44.30","43.80","44.00","0.4500","836"
"1150226","1522A","堤維西甲特","11000","549750","49.90","50.00","49.90","50.00","0.0000","10"
"1150226","1524","耿鼎","685031","21218559","31.10","31.20","30.75","30.90","0.1500","546"
"1150226","1525","江申","36360","2317325","63.80","64.00","63.00","63.80","-0.2000","72"
"1150226","1526","日馳","119287","2361434","19.80","20.15","19.60","19.70","-0.1000","216"
"1150226","1527","鑽全","188839","6375315","33.85","33.90","33.65","33.80","-0.0500","325"
"1150226","1528","恩德","6830649","161313248","23.60","24.40","22.90","23.60","0.1500","3838"
"1150226","1529","樂事綠能","4265607","109868842","26.10","26.25","25.25","25.70","-0.8500","2643"
"1150226","1530","亞崴","45600","1314586","29.10","29.20","28.35","28.70","-0.4000","134"
"1150226","1531","高林股","47057","583708","12.50","12.50","12.35","12.40","-0.0500","102"
"1150226","1532","勤美","540476","13164766","24.35","24.50","24.25","24.35","0.1500","389"
"1150226","1533","車王電","83728","2595091","30.85","31.20","30.80","30.90","0.0500","76"
"1150226","1535","中宇","184149","9403352","51.90","51.90","50.40","51.50","0.4000","172"
"1150226","1536","和大","1619550","99634685","61.20","62.30","61.00","61.10","-0.1000","1266"
"1150226","1537","廣隆","101493","12707252","125.00","125.50","124.50","125.50","0.5000","147"
"1150226","1538","正峰","9814","228629","23.30","23.50","23.15","23.15","-0.6500","26"
"1150226","1539","巨庭","75187","1366256","18.10","18.30","18.05","18.10","0.0000","60"
"1150226","1540","喬福","207187","4953919","24.00","24.00","23.80","23.80","-0.0500","189"
"1150226","1541","錩泰","14012","353252","25.00","25.45","25.00","25.30","0.3000","16"
"1150226","1558","伸興","42672","4191016","98.00","98.80","98.00","98.70","-0.2000","316"
"1150226","1560","中砂","4738179","2480024422","494.50","543.00","490.00","524.00","29.5000","8321"
"1150226","1563","巧新","467722","20513193","44.25","44.25","43.60","43.70","-0.1500","563"
"1150226","1568","倉佑","91908","2090490","22.60","22.95","22.50","22.75","0.1000","153"
"1150226","1582","信錦","2966222","214843345","70.70","73.80","70.20","72.70","2.7000","3019"
"1150226","1583","程泰","37530","1870554","49.40","50.60","49.30","49.70","0.3000","45"
"1150226","1587","吉茂","733202","32237354","44.45","44.60","43.25","43.30","-0.8500","634"
"1150226","1589","永冠-KY","233311","2892929","12.40","12.40","12.40","12.40","-1.3500","481"
"1150226","1590","亞德客-KY","1339131","1628267345","1220.00","1250.00","1195.00","1205.00","15.0000","1497"
"1150226","1597","直得","283207","22246863","79.00","79.50","77.70","78.30","0.3000","318"
"1150226","1598","岱宇","209617","3966429","19.00","19.05","18.75","18.95","0.0000","157"
"1150226","1603","華電","419654","16189553","38.50","38.75","38.25","38.70","0.2000","344"
"1150226","1604","聲寶","272814","6628488","24.40","24.40","24.10","24.35","0.0500","377"
"1150226","1605","華新","41367811","1512137037","36.45","37.00","35.95","36.75","0.6500","19186"
"1150226","1608","華榮","2945077","106628670","36.20","36.50","35.65","36.30","0.2000","1811"
"1150226","1609","大亞","7482259","306860791","41.10","41.65","40.25","40.80","-0.1000","4792"
"1150226","1611","中電","419917","5559840","13.25","13.30","13.15","13.30","0.1500","503"
"1150226","1612","宏泰","1135572","40872828","35.80","36.30","35.60","36.10","0.5500","641"
"1150226","1614","三洋電","51562","1786770","34.70","34.70","34.60","34.70","-0.0500","114"
"1150226","1615","大山","147064","7175890","48.95","49.00","48.40","48.95","0.3000","221"
"1150226","1616","億泰","1037856","30318853","29.45","29.45","28.95","29.15","-0.1000","753"
"1150226","1617","榮星","231332","3696620","16.00","16.10","15.85","15.90","-0.0500","188"
"1150226","1618","合機","2056910","95424015","45.65","46.80","45.45","46.70","1.2000","1879"
"1150226","1623","大東電","570100","133274886","240.00","240.00","228.00","233.00","-7.5000","1746"
"1150226","1626","艾美特-KY","98746","1087484","11.10","11.10","10.95","11.10","0.0000","138"
"1150226","1702","南僑","419086","15996224","38.15","38.35","38.00","38.20","0.0500","453"
"1150226","1707","葡萄王","236423","29143910","123.00","124.00","122.50","124.00","0.5000","345"
"1150226","1708","東鹼","2331322","84872406","36.40","36.80","36.15","36.35","0.3500","1834"
"1150226","1709","和益","641727","10722107","16.80","16.85","16.60","16.70","-0.1000","465"
"1150226","1710","東聯","2160119","28787752","13.50","13.60","13.15","13.15","-0.4000","1180"
"1150226","1711","永光","31249577","845193935","26.75","27.55","26.10","27.20","0.4000","14569"
"1150226","1712","興農","794352","36074219","45.70","45.85","45.20","45.25","-0.3500","747"
"1150226","1713","國化","663212","32259167","48.50","49.80","47.90","49.20","1.7000","487"
"1150226","1714","和桐","8780809","86666367","10.00","10.05","9.73","10.00","0.0700","3292"
"1150226","1717","長興","113227544","7612278921","66.20","69.00","63.60","69.00","6.2000","56129"
"1150226","1718","中纖","3394706","24332764","7.22","7.24","7.14","7.14","-0.0800","1749"
"1150226","1720","生達","1051709","68866758","65.20","66.00","64.80","65.60","0.9000","1130"
"1150226","1721","三晃","1684304","31000744","18.50","18.75","18.00","18.60","0.1000","1386"
"1150226","1722","台肥","1758372","82719050","47.50","47.55","46.85","46.85","-0.3000","1521"
"1150226","1723","中碳","603973","43341713","72.50","72.50","71.50","72.00","-0.5000","1222"
"1150226","1725","元禎","49740","1403337","28.25","28.45","27.70","28.25","0.2500","88"
"1150226","1726","永記","27271","2115934","77.40","77.80","77.00","77.80","0.4000","47"
"1150226","1727","中華化","3660589","175013951","47.90","48.45","46.90","47.70","-0.0500","3498"
"1150226","1730","花仙子","65249","3493381","53.90","53.90","53.30","53.60","0.1000","96"
"1150226","1731","美吾華","162989","3595643","22.00","22.15","21.95","22.15","0.1500","117"
"1150226","1732","毛寶","186275","5143597","27.65","27.75","27.50","27.60","-0.1000","154"
"1150226","1733","五鼎","133083","4025097","30.40","30.50","30.00","30.25","-0.1500","260"
"1150226","1734","杏輝","182413","5602208","30.70","30.85","30.55","30.75","0.0500","418"
"1150226","1735","日勝化","812636","14869095","17.15","18.85","17.00","18.85","1.7000","659"
"1150226","1736","喬山","742404","101762687","140.00","140.00","136.00","136.00","-4.0000","1021"
"1150226","1737","臺鹽","126893","4023126","31.55","31.80","31.55","31.80","0.0500","229"
"1150226","1752","南光","83622","3103039","37.00","37.20","37.00","37.10","0.1500","74"
"1150226","1760","寶齡富錦","122167","7652206","63.00","63.00","62.20","62.50","-0.6000","268"
"1150226","1762","中化生","75656","2060082","27.50","27.50","27.05","27.10","-0.3000","311"
"1150226","1773","勝一","3114471","495061591","155.00","161.50","154.50","159.00","4.0000","3411"
"1150226","1776","展宇","56444","857189","15.35","15.40","15.10","15.30","-0.0500","46"
"1150226","1783","和康生","105608","4710581","45.00","45.00","44.30","44.60","-0.1500","317"
"1150226","1786","科妍","282322","21097746","74.60","75.80","73.30","74.60","0.5000","308"
"1150226","1789","神隆","1734246","37254001","22.10","22.10","21.30","21.40","-0.5500","1190"
"1150226","1795","美時","5432047","1519784512","285.50","286.00","278.00","278.50","-6.0000","8912"
"1150226","1802","台玻","241443226","15116213731","62.00","66.20","60.60","61.10","-0.2000","120810"
"1150226","1805","寶徠","51893","598514","11.75","11.75","11.45","11.65","0.0500","45"
"1150226","1806","冠軍","254213","2276800","8.97","9.00","8.93","8.95","-0.0200","315"
"1150226","1808","潤隆","2743053","82941456","30.90","30.90","30.05","30.10","-0.5500","1624"
"1150226","1809","中釉","7784583","198897884","24.35","26.65","24.05","25.65","1.4000","4799"
"1150226","1810","和成","912049","17355287","19.15","19.25","18.90","19.00","-0.2500","527"
"1150226","1817","凱撒衛","57530","2244403","39.00","39.10","38.80","39.00","0.0500","46"
"1150226","1903","士紙","198004","10640260","54.20","54.20","53.50","54.00","0.3000","170"
"1150226","1904","正隆","1672619","30977843","18.85","18.95","18.40","18.40","-0.4000","2691"
"1150226","1905","華紙","2782051","35086547","12.70","12.80","12.55","12.55","0.0000","1234"
"1150226","1906","寶隆","84301","998009","11.90","11.95","11.75","11.90","0.0000","158"
"1150226","1907","永豐餘","1240526","32196988","26.25","26.30","25.75","25.85","-0.4000","1717"
"1150226","1909","榮成","2041294","20357522","10.05","10.10","9.93","9.93","-0.1200","933"
"1150226","2002","中鋼","78353095","1626268275","21.25","21.25","20.60","20.75","-0.5000","22760"
"1150226","2002A","中鋼特","6180","239195","38.65","38.75","38.65","38.75","0.0500","10"
"1150226","2006","東和鋼鐵","3269941","240030142","73.40","73.90","73.00","73.40","0.0000","2617"
"1150226","2007","燁興","332613","2828021","8.55","8.61","8.42","8.55","0.0600","224"
"1150226","2008","高興昌","44206","1324687","30.40","30.40","29.50","30.00","0.0000","46"
"1150226","2009","第一銅","2717748","126348549","46.80","47.20","46.10","46.50","0.1500","2080"
"1150226","2010","春源","1472670","33623907","23.10","23.10","22.70","22.90","0.0000","699"
"1150226","2012","春雨","56499","964245","17.35","17.35","16.90","17.15","0.0000","155"
"1150226","2013","中鋼構","201500","8715518","43.05","43.45","42.95","43.45","0.4000","736"
"1150226","2014","中鴻","10958995","201106722","18.95","19.00","18.15","18.15","-0.6500","5198"
"1150226","2015","豐興","387798","26179507","68.20","68.20","67.20","67.70","0.0000","399"
"1150226","2017","官田鋼","4740796","44718762","9.05","9.74","8.97","9.73","0.7100","1963"
"1150226","2020","美亞","542832","13326921","24.65","24.75","24.40","24.60","0.0500","561"
"1150226","2022","聚亨","707164","6423702","9.18","9.18","9.05","9.13","0.0100","511"
"1150226","2023","燁輝","4142171","60755868","14.80","14.80","14.60","14.65","-0.1500","1253"
"1150226","2024","志聯","8008","133032","16.70","16.70","16.60","16.65","0.2500","167"
"1150226","2025","千興","275590","3311941","12.15","12.40","11.90","12.05","-0.1000","291"
"1150226","2027","大成鋼","17638521","655342058","37.50","37.75","37.00","37.05","-0.4500","6838"
"1150226","2028","威致","93760","1798006","19.30","19.30","18.95","19.30","0.0000","162"
"1150226","2029","盛餘","159402","3469187","21.85","21.85","21.65","21.85","0.0500","125"
"1150226","2030","彰源","650189","10727356","16.80","16.80","16.35","16.50","-0.1500","491"
"1150226","2031","新光鋼","822614","32391100","40.15","40.15","39.20","39.25","-0.7500","1107"
"1150226","2032","新鋼","460658","7578152","16.65","16.70","16.35","16.40","-0.1500","254"
"1150226","2033","佳大","157498","2600673","16.35","16.60","16.35","16.45","-0.1500","104"
"1150226","2034","允強","1405613","29199519","21.00","21.05","20.65","20.85","-0.1500","1173"
"1150226","2038","海光","1455587","21903020","15.50","15.50","15.00","15.00","-0.3500","760"
"1150226","2049","上銀","3680942","838988088","225.00","234.00","223.00","230.00","5.0000","4342"
"1150226","2059","川湖","1809148","6277040585","3490.00","3540.00","3400.00","3445.00","85.0000","7733"
"1150226","2062","橋椿","629694","14112717","21.50","22.90","21.50","22.20","0.7500","452"
"1150226","2069","運錩","242180","4576609","19.00","19.10","18.80","18.95","-0.0500","155"
"1150226","2101","南港","1384310","49573015","36.20","36.20","35.55","35.55","-0.4500","1490"
"1150226","2102","泰豐","870757","18177469","20.75","21.00","20.65","20.85","0.1500","635"
"1150226","2103","台橡","17590093","362954620","20.60","21.40","20.05","20.50","-0.3000","6014"
"1150226","2104","國際中橡","10192645","135523791","13.70","13.70","13.10","13.20","-0.5000","3847"
"1150226","2105","正新","215051091","6694482486","30.55","31.30","30.15","31.30","0.8500","21547"
"1150226","2106","建大","2875675","59439989","20.30","21.15","20.25","20.25","0.0000","1272"
"1150226","2107","厚生","293267","7539155","25.75","25.85","25.60","25.85","0.1500","261"
"1150226","2108","南帝","1438817","39210919","27.50","27.50","26.70","27.25","-0.1000","1069"
"1150226","2109","華豐","261421","3928819","15.10","15.10","15.00","15.10","0.0000","188"
"1150226","2114","鑫永銓","49462","4439451","90.00","90.00","89.40","90.00","0.5000","50"
"1150226","2115","六暉-KY","87366","2127580","24.35","24.45","24.25","24.40","0.0500","90"
"1150226","2201","裕隆","3325696","102894605","30.85","31.20","30.75","30.75","-0.0500","2110"
"1150226","2204","中華","1634306","97747285","59.20","60.20","59.00","59.80","0.6000","1150"
"1150226","2206","三陽工業","1317818","79163877","61.00","61.00","59.80","59.80","-0.9000","3191"
"1150226","2207","和泰車","1180188","681960074","556.00","585.00","551.00","585.00","28.0000","944"
"1150226","2208","台船","6723204","162451938","24.10","24.50","23.85","24.35","0.2500","3247"
"1150226","2211","長榮鋼","950913","97786219","102.50","103.50","101.50","103.00","0.5000","612"
"1150226","2227","裕日車","47651","2646847","56.00","56.00","54.90","56.00","0.8000","193"
"1150226","2228","劍麟","211550","20446880","95.40","97.40","95.40","96.50","1.2000","323"
"1150226","2231","為升","395279","38009221","98.70","98.70","95.10","95.40","-3.1000","1365"
"1150226","2233","宇隆","1178537","276571396","229.50","239.00","228.50","233.50","4.5000","1394"
"1150226","2236","百達-KY","189950","21739203","114.00","116.50","113.00","115.00","0.0000","155"
"1150226","2239","英利-KY","162748","4458133","27.45","27.65","27.30","27.30","-0.5000","112"
"1150226","2241","艾姆勒","714953","20941396","29.45","29.60","29.05","29.10","-0.4000","716"
"1150226","2243","宏旭-KY","194873","2353796","11.85","12.20","11.85","12.20","0.1500","109"
"1150226","2247","汎德永業","158397","42479659","269.00","269.50","267.00","268.50","-0.5000","390"
"1150226","2248","華勝-KY","25200","1226250","48.80","48.95","48.50","48.50","-0.6500","13"
"1150226","2250","IKKA-KY","75861","5385018","70.60","71.60","70.60","70.60","-0.1000","109"
"1150226","2254","巨鎧精密-創","139695","9222575","62.20","67.60","62.20","67.60","6.1000","348"
"1150226","2258","鴻華先進-創","520158","20498586","39.30","39.60","39.00","39.60","0.3500","490"
"1150226","2301","光寶科","98092075","17078574787","185.00","185.50","173.00","173.00","-19.0000","78744"
"1150226","2302","麗正","1327998","25551226","18.80","19.70","18.80","19.05","0.4000","695"
"1150226","2303","聯電","175876832","11585682916","66.00","67.40","65.00","65.40","-0.1000","45538"
"1150226","2305","全友","790618","10796326","13.40","13.85","13.35","13.65","0.3500","487"
"1150226","2308","台達電","17965290","25768609570","1450.00","1455.00","1415.00","1430.00","-5.0000","31129"
"1150226","2312","金寶","30437044","780258606","25.30","26.10","25.00","25.75","0.5000","12717"
"1150226","2313","華通","73891018","15077483918","210.00","210.50","199.50","204.50","-5.0000","68112"
"1150226","2314","台揚","321394","6557729","20.35","20.45","20.35","20.40","-0.4000","466"
"1150226","2316","楠梓電","20493393","2267564849","107.50","112.50","105.00","112.50","10.0000","12780"
"1150226","2317","鴻海","122692650","30070220979","253.50","253.50","241.50","243.00","-3.5000","133219"
"1150226","2321","東訊","19364","297628","15.60","16.55","15.00","16.55","0.9500","23"
"1150226","2323","中環","9638573","108093136","11.20","11.30","11.05","11.25","0.1500","2314"
"1150226","2324","仁寶","72479185","2280919293","30.75","32.00","30.75","31.65","1.5500","28948"
"1150226","2327","國巨*","46680499","13790057369","298.50","300.00","289.00","298.00","-2.0000","40945"
"1150226","2328","廣宇","3670341","188618114","51.70","51.90","50.80","51.20","-0.4000","2760"
"1150226","2329","華泰","28742731","1685594102","56.40","60.00","55.70","57.90","2.3000","16664"
"1150226","2330","台積電","74411249","148677652002","2000.00","2010.00","1995.00","1995.00","-20.0000","199342"
"1150226","2331","精英","4883177","134219295","27.90","27.90","27.20","27.60","0.0000","3098"
"1150226","2332","友訊","1367106","21597286","15.80","15.95","15.65","15.75","0.0000","877"
"1150226","2337","旺宏","144244619","15957011204","110.00","113.00","107.00","110.00","2.0000","72872"
"1150226","2338","光罩","7171194","349469150","47.80","49.20","47.80","49.20","4.4500","3136"
"1150226","2340","台亞","3857027","106436743","26.90","28.10","26.70","27.55","0.7500","2257"
"1150226","2342","茂矽","3872310","128819541","31.90","33.95","31.85","33.50","1.8500","2764"
"1150226","2344","華邦電","180884833","21860028123","119.50","124.00","116.00","122.50","4.5000","99041"
"1150226","2345","智邦","5719491","8113457350","1450.00","1460.00","1400.00","1400.00","-50.0000","11296"
"1150226","2347","聯強","6088068","434616186","70.80","71.90","70.40","71.90","1.1000","4562"
"1150226","2348","海悅","240666","17757150","74.00","74.50","73.30","73.40","-0.1000","828"
"1150226","2348A","海悅甲特","16359","621853","38.00","38.10","38.00","38.10","0.4000","20"
"1150226","2349","錸德","15567326","225730975","14.45","14.80","14.20","14.55","-0.7500","6575"
"1150226","2351","順德","1363682","117947184","87.50","88.30","85.70","86.20","-1.3000","1293"
"1150226","2352","佳世達","4531854","118293193","26.30","26.40","25.90","26.00","-0.2500","3729"
"1150226","2353","宏碁","30361940","834656056","27.40","27.70","27.20","27.40","0.0500","11942"
"1150226","2354","鴻準","4693731","280583355","60.70","60.70","59.30","59.50","-0.5000","4031"
"1150226","2355","敬鵬","9353604","390189075","41.35","42.25","40.85","41.90","0.8500","6160"
"1150226","2356","英業達","19878609","917181194","46.40","46.50","45.50","46.25","-0.1500","11061"
"1150226","2357","華碩","4661180","2474038011","530.00","535.00","522.00","532.00","7.0000","6173"
"1150226","2359","所羅門","2124050","281317509","132.00","134.00","130.50","132.50","2.0000","2313"
"1150226","2360","致茂","2642732","3646970160","1380.00","1380.00","1380.00","1380.00","125.0000","1946"
"1150226","2362","藍天","644859","25673794","40.25","40.25","39.55","39.55","-0.5000","784"
"1150226","2363","矽統","5362645","295206162","54.80","55.70","54.20","54.80","0.2000","4215"
"1150226","2364","倫飛","132235","8434571","64.00","64.50","63.00","63.70","0.6000","466"
"1150226","2365","昆盈","2548454","94373853","36.80","37.55","36.60","36.85","-0.1500","1730"
"1150226","2367","燿華","151157271","9311360903","59.50","64.50","58.30","64.50","5.8000","85512"
"1150226","2368","金像電","8963475","7400370440","847.00","856.00","812.00","826.00","-19.0000","17254"
"1150226","2369","菱生","22622569","642362051","27.15","29.20","27.15","28.55","1.1000","11827"
"1150226","2371","大同","21659523","807504892","37.05","37.80","36.50","37.60","0.6000","9894"
"1150226","2373","震旦行","100405","5692312","56.60","56.80","56.50","56.80","0.2000","128"
"1150226","2374","佳能","4679214","378238505","80.40","81.70","80.00","81.00","0.6000","3939"
"1150226","2375","凱美","1692786","159877987","96.00","96.00","92.60","94.90","-0.8000","1688"
"1150226","2376","技嘉","6680731","1581837409","235.00","239.50","233.00","239.50","4.5000","8570"
"1150226","2377","微星","7607514","712020562","92.90","94.90","92.20","94.30","2.1000","6026"
"1150226","2379","瑞昱","5131490","2463219829","475.00","482.00","475.00","481.50","7.0000","4936"
"1150226","2380","虹光","163385","792446","4.85","4.90","4.85","4.90","0.0500","145"
"1150226","2382","廣達","25012945","7332490439","302.00","302.00","290.00","291.50","-6.0000","44082"
"1150226","2383","台光電","4713847","11532931595","2500.00","2500.00","2395.00","2440.00","20.0000","7877"
"1150226","2385","群光","6126021","761598652","123.50","126.00","122.50","125.00","1.5000","3677"
"1150226","2387","精元","7504911","328385938","43.95","44.60","43.05","43.70","0.4000","4658"
"1150226","2388","威盛","3323559","167981251","49.70","51.20","49.55","50.50","0.9500","1922"
"1150226","2390","云辰","364347","3753786","10.35","10.35","10.20","10.35","0.0500","404"
"1150226","2392","正崴","1653972","65906852","40.45","40.45","39.55","39.70","-0.7500","1506"
"1150226","2393","億光","3248355","191343355","59.00","59.30","58.50","58.70","-0.1000","2137"
"1150226","2395","研華","5708946","1898504726","332.00","336.50","325.50","336.50","3.5000","9650"
"1150226","2397","友通","220401","13603044","61.60","62.00","61.40","61.80","0.0000","202"
"1150226","2399","映泰","2069573","48374060","23.05","23.75","22.75","23.65","0.8500","1206"
"1150226","2401","凌陽","3052126","70279965","22.75","23.30","22.60","23.15","0.5500","1875"
"1150226","2402","毅嘉","18452872","1045926931","55.40","57.50","54.60","57.00","2.1000","11300"
"1150226","2404","漢唐","7685292","8557754755","1045.00","1135.00","1035.00","1130.00","95.0000","19149"
"1150226","2405","輔信","1791584","28784712","16.05","16.20","15.95","16.15","0.1000","961"
"1150226","2406","國碩","62313076","2003427830","30.15","33.05","29.90","33.05","3.0000","25955"
"1150226","2408","南亞科","65835407","18730098462","290.00","291.50","277.00","285.50","-2.5000","52949"
"1150226","2409","友達","260143767","4271246962","16.25","16.80","15.95","16.60","0.5000","52997"
"1150226","2412","中華電","28350784","3816507739","136.00","136.00","134.00","134.00","-2.0000","6765"
"1150226","2413","環科","27750534","1552953103","57.70","58.10","53.60","56.80","1.6000","16399"
"1150226","2414","精技","261475","11231811","42.80","43.10","42.55","43.10","0.4000","222"
"1150226","2415","錩新","97259","2688373","27.90","27.90","27.45","27.70","0.1000","90"
"1150226","2417","圓剛","1149825","43272589","37.25","38.05","37.25","37.25","0.6500","1041"
"1150226","2419","仲琦","1932256","57788727","30.05","30.10","29.60","29.80","0.2000","1177"
"1150226","2420","新巨","242808","12628662","52.00","52.40","51.60","52.40","0.7000","278"
"1150226","2421","建準","4931051","746770889","151.00","155.50","148.50","152.50","1.0000","3428"
"1150226","2423","固緯","163724","8053867","49.35","49.50","48.90","49.40","0.0500","180"
"1150226","2424","隴華","11203","370651","33.25","33.25","32.80","32.80","-0.4500","16"
"1150226","2425","承啟","192532","5456811","28.05","28.60","28.05","28.30","0.2500","377"
"1150226","2426","鼎元","912638","17745143","19.70","19.70","19.30","19.40","0.0000","711"
"1150226","2427","三商電","978223","26318412","26.60","27.20","26.60","26.75","0.1500","643"
"1150226","2428","興勤","903217","171220021","191.00","191.50","186.50","189.50","0.0000","1197"
"1150226","2429","銘旺科","413718","24408779","58.20","60.10","58.00","59.20","1.2000","552"
"1150226","2430","燦坤","96090","2227687","23.10","23.25","23.10","23.25","0.1500","120"
"1150226","2431","聯昌","2630695","41854190","16.20","16.25","15.70","15.80","-0.6500","1682"
"1150226","2432","倚天酷碁-創","72301","1719777","23.85","24.00","23.65","23.85","-0.2500","38"
"1150226","2433","互盛電","58003","2732431","47.20","47.20","47.00","47.20","-0.0500","77"
"1150226","2434","統懋","16820","505876","30.45","30.50","29.95","30.15","0.0500","29"
"1150226","2436","偉詮電","10596995","667462061","60.20","64.50","60.10","62.20","2.3000","8677"
"1150226","2438","翔耀","123314","2744667","22.45","22.50","22.05","22.15","0.1000","168"
"1150226","2439","美律","5059196","480539426","96.60","96.60","94.00","94.60","-3.8000","5073"
"1150226","2440","太空梭","362933","5693592","15.90","15.90","15.50","15.90","-0.2500","264"
"1150226","2441","超豐","9151400","870083214","94.00","96.70","92.20","95.90","2.7000","9722"
"1150226","2442","新美齊","3155747","63865941","19.65","20.70","19.65","19.95","0.4500","1743"
"1150226","2444","兆勁","1436952","19006183","12.40","13.65","12.40","13.65","1.2000","818"
"1150226","2449","京元電子","18744498","6086835770","318.50","329.50","317.00","327.00","7.0000","14591"
"1150226","2450","神腦","427593","12874785","30.05","30.50","29.95","30.40","0.5000","350"
"1150226","2451","創見","4789760","1012422517","216.50","216.50","209.00","210.00","-5.0000","5405"
"1150226","2453","凌群","532760","28541629","52.60","54.20","52.50","53.50","0.9000","510"
"1150226","2454","聯發科","14552360","28093839600","1895.00","1975.00","1850.00","1945.00","75.0000","36972"
"1150226","2455","全新","16044037","3423574964","202.00","217.50","201.50","217.50","19.5000","11048"
"1150226","2457","飛宏","5208594","161024711","30.30","31.30","30.20","31.00","0.7000","3362"
"1150226","2458","義隆","4322105","530973620","120.50","125.50","120.00","122.00","2.5000","3599"
"1150226","2459","敦吉","64819","4344750","67.10","67.40","66.70","67.40","0.2000","70"
"1150226","2460","建通","776914","21708822","27.50","28.60","27.25","28.05","-0.4500","681"
"1150226","2461","光群雷","358151","5983880","16.90","16.90","16.60","16.60","-0.2000","323"
"1150226","2462","良得電","464565","11865316","25.35","25.85","25.05","25.75","0.4000","386"
"1150226","2464","盟立","14660062","1098682863","71.90","76.80","71.90","74.70","3.5000","11383"
"1150226","2465","麗臺","323684","17205344","53.40","53.60","52.60","53.60","0.5000","459"
"1150226","2466","冠西電","264566","13765540","51.80","53.00","51.30","52.10","0.8000","240"
"1150226","2467","志聖","5592927","1754287456","295.00","321.00","294.00","321.00","29.0000","5391"
"1150226","2468","華經","970177","35564238","35.55","37.50","35.55","36.25","0.7500","860"
"1150226","2471","資通","476097","24412287","50.00","52.10","50.00","51.40","1.7000","533"
"1150226","2472","立隆電","6471517","808860102","123.50","127.00","121.00","127.00","4.5000","6011"
"1150226","2474","可成","4920554","944102234","193.00","195.00","191.00","191.50","-1.0000","3520"
"1150226","2476","鉅祥","1307399","110431215","84.60","85.20","83.90","84.60","-0.2000","1308"
"1150226","2477","美隆電","258856","6309457","24.50","24.65","24.20","24.40","-0.0500","213"
"1150226","2478","大毅","4877177","350238883","71.50","73.80","69.40","72.80","0.6000","4439"
"1150226","2480","敦陽科","475779","70006968","146.00","149.00","145.50","147.00","2.0000","555"
"1150226","2481","強茂","15282098","1378297290","88.40","92.20","87.00","90.60","2.9000","12463"
"1150226","2482","連宇","161707","2892623","18.10","18.10","17.75","17.90","-0.1000","230"
"1150226","2483","百容","566549","12446387","22.30","22.35","21.65","22.00","-0.1000","395"
"1150226","2484","希華","3664041","110324066","30.30","30.40","29.80","30.05","-0.7500","2707"
"1150226","2485","兆赫","78913947","3479236199","41.50","45.65","41.30","45.00","3.0000","44391"
"1150226","2486","一詮","12815894","1820099677","143.00","147.50","139.00","140.00","0.5000","10777"
"1150226","2488","漢平","483167","23107982","48.50","48.50","47.30","47.75","-0.8500","837"
"1150226","2489","瑞軒","57331628","2238489907","38.50","39.60","37.75","39.60","3.6000","17175"
"1150226","2491","吉祥全","388748","6771252","17.15","17.80","17.00","17.25","0.1000","232"
"1150226","2492","華新科","17845065","2723148627","156.50","157.00","147.00","156.00","0.0000","18375"
"1150226","2493","揚博","4571633","556331546","118.00","125.00","116.50","124.50","6.5000","3783"
"1150226","2495","普安","2969632","96493895","32.30","33.00","31.85","32.30","0.4500","1692"
"1150226","2496","卓越","18137","1253755","69.90","69.90","68.90","69.20","0.2000","52"
"1150226","2497","怡利電","170105","7749003","45.50","45.80","45.10","45.10","-0.3000","188"
"1150226","2498","宏達電","5651177","256190580","45.25","45.70","44.95","45.40","0.2500","3181"
"1150226","2501","國建","1619244","36885669","22.80","23.00","22.65","22.65","-0.1000","863"
"1150226","2504","國產","2569493","95413064","36.90","37.30","36.90","37.10","0.3000","1687"
"1150226","2505","國揚","262948","4978113","18.95","19.10","18.80","18.95","0.1000","178"
"1150226","2506","太設","324615","2944901","9.14","9.14","9.00","9.04","0.0000","260"
"1150226","2509","全坤建","409082","5944724","14.70","14.70","14.40","14.55","-0.1500","305"
"1150226","2511","太子","1182700","9808293","8.28","8.35","8.26","8.27","0.0000","581"
"1150226","2514","龍邦","118939","1775997","14.95","15.00","14.85","15.00","0.1000","128"
"1150226","2515","中工","43720241","760167661","16.75","17.85","16.75","17.40","0.7500","12151"
"1150226","2516","新建","893334","13134302","14.70","15.15","14.50","15.00","0.3000","332"
"1150226","2520","冠德","1766538","55606723","31.70","31.80","31.30","31.35","-0.2500","1381"
"1150226","2524","京城","117826","5069483","42.95","43.30","42.85","43.25","0.4000","128"
"1150226","2527","宏璟","1006418","32187522","31.15","32.50","31.15","32.35","1.2500","726"
"1150226","2528","皇普","1190333","34226431","28.70","29.05","28.40","28.55","-0.1000","801"
"1150226","2530","華建","985294","26541954","27.00","27.35","26.65","26.70","-0.2500","626"
"1150226","2534","宏盛","419211","8386447","20.05","20.10","19.90","19.95","-0.1000","393"
"1150226","2535","達欣工","351804","25901715","74.00","74.00","73.20","73.50","-0.5000","1623"
"1150226","2536","宏普","337095","7896317","23.45","23.65","23.25","23.45","0.0000","167"
"1150226","2537","聯上發","836873","8790936","10.55","10.60","10.45","10.45","-0.1000","548"
"1150226","2538","基泰","550827","5889198","10.70","10.80","10.60","10.75","0.0500","199"
"1150226","2539","櫻花建","984260","48209994","49.90","49.90","48.60","49.00","-0.2500","3153"
"1150226","2540","愛山林","476804","22128219","46.80","46.80","46.25","46.50","0.2500","575"
"1150226","2542","興富發","4866749","182968927","37.60","37.85","37.45","37.85","0.2500","3451"
"1150226","2543","皇昌","1155699","71514276","62.00","62.60","61.40","61.40","0.0000","989"
"1150226","2545","皇翔","392549","14813791","37.65","37.95","37.50","37.70","0.1500","335"
"1150226","2546","根基","79498","6944947","86.90","87.70","86.60","87.60","0.5000","593"
"1150226","2547","日勝生","2328924","25791582","11.05","11.20","11.00","11.00","0.0500","736"
"1150226","2548","華固","2598902","284074740","113.00","113.00","107.50","108.00","-5.0000","4313"
"1150226","2597","潤弘","310237","54274964","175.00","177.00","173.50","174.00","-0.5000","404"
"1150226","2601","益航","1357947","7321739","5.40","5.42","5.36","5.40","-0.0100","697"
"1150226","2603","長榮","25373813","4973628347","194.00","197.50","194.00","197.00","5.0000","16097"
"1150226","2605","新興","24899399","836072861","32.70","34.45","32.50","33.75","0.8500","11140"
"1150226","2606","裕民","9735521","646792776","64.80","67.50","64.80","66.50","1.6000","7002"
"1150226","2607","榮運","744681","41837620","56.20","56.70","55.80","55.90","-0.1000","642"
"1150226","2608","嘉里大榮","4078737","128741634","31.75","31.85","31.50","31.55","-0.2000","1043"
"1150226","2609","陽明","33209641","1901550836","56.40","57.70","56.30","57.40","1.1000","15783"
"1150226","2610","華航","48482364","1017407732","21.15","21.30","20.80","21.00","-0.1000","14412"
"1150226","2611","志信","414624","6081973","14.50","14.75","14.50","14.60","0.1000","406"
"1150226","2612","中航","3463678","231179241","65.40","68.70","65.00","66.20","1.8000","5796"
"1150226","2613","中櫃","470996","11739015","24.55","25.10","24.55","24.90","0.2500","396"
"1150226","2614","東森","891572","18292959","20.60","20.70","20.45","20.55","-0.0500","792"
"1150226","2615","萬海","10826282","833069427","76.40","77.60","76.40","76.40","0.0000","6039"
"1150226","2616","山隆","123641","1681268","13.55","13.70","13.50","13.60","0.1000","495"
"1150226","2617","台航","1352902","42465559","30.75","31.65","30.75","31.20","0.4500","971"
"1150226","2618","長榮航","51481944","1953265518","38.05","38.40","37.65","38.00","0.0500","11228"
"1150226","2630","亞航","1015487","53287060","52.60","53.20","51.70","52.90","-0.1000","887"
"1150226","2633","台灣高鐵","12485925","337627371","27.10","27.20","27.00","27.05","-0.0500","3729"
"1150226","2634","漢翔","6252888","343539225","55.50","55.70","54.40","55.00","-0.5000","4107"
"1150226","2636","台驊控股","364573","23502009","64.40","64.80","64.20","64.30","0.1000","428"
"1150226","2637","慧洋-KY","4975836","365089310","72.80","74.10","72.80","72.80","0.6000","3202"
"1150226","2642","宅配通","59905","1484228","24.55","24.95","24.55","24.85","0.0500","151"
"1150226","2645","長榮航太","4140783","716577658","173.50","177.50","168.00","177.50","3.5000","14656"
"1150226","2646","星宇航空","7841572","180426152","23.15","23.20","22.90","22.90","-0.2000","4402"
"1150226","2701","萬企","96751","1073653","11.05","11.15","11.05","11.10","-0.0500","92"
"1150226","2702","華園","46764","558455","11.90","12.00","11.90","11.95","-0.0500","106"
"1150226","2704","國賓","184949","8090736","43.35","44.05","43.30","44.05","0.5500","207"
"1150226","2705","六福","244786","3968223","16.20","16.25","16.15","16.25","0.0500","305"
"1150226","2706","第一店","114013","1467416","12.80","12.90","12.80","12.90","0.0500","161"
"1150226","2707","晶華","165808","31330638","189.00","190.00","188.00","188.50","0.5000","273"
"1150226","2712","遠雄來","25290","438770","17.40","17.45","17.30","17.30","-0.1000","22"
"1150226","2722","夏都","102850","2597847","25.80","25.80","25.00","25.50","-0.1000","80"
"1150226","2723","美食-KY","627395","44690912","72.10","72.30","70.70","71.60","-0.4000","657"
"1150226","2727","王品","465774","102407388","219.50","221.50","219.00","219.00","1.5000","1049"
"1150226","2731","雄獅","776366","135894795","173.00","176.50","173.00","175.50","2.5000","834"
"1150226","2739","寒舍","143115","4803210","33.60","33.80","33.45","33.65","-0.0500","247"
"1150226","2748","雲品","81364","3346610","41.35","41.35","41.00","41.00","-0.3500","163"
"1150226","2753","八方雲集","452663","83749175","187.00","188.00","183.50","184.50","-0.5000","1310"
"1150226","2762","世界健身-KY","100463","7787784","77.40","78.30","77.00","77.50","0.8000","445"
"1150226","2801","彰銀","41289964","894822652","21.65","21.85","21.55","21.60","-0.0500","6360"
"1150226","2812","台中銀","16557595","348164917","21.00","21.20","20.85","21.10","0.1000","5522"
"1150226","2816","旺旺保","260794","8025313","30.50","30.95","30.40","30.95","0.5000","287"
"1150226","2820","華票","1112749","19128004","17.20","17.25","17.15","17.15","-0.0500","531"
"1150226","2832","台產","95936","4754278","49.60","49.65","49.35","49.60","0.0500","586"
"1150226","2834","臺企銀","50959946","832155938","16.15","16.40","16.15","16.40","0.2500","8399"
"1150226","2836","高雄銀","4943993","63351012","12.70","12.90","12.70","12.90","0.2000","1129"
"1150226","2836A","高雄銀甲特","51061","1224163","24.00","24.00","23.95","24.00","0.0000","25"
"1150226","2838","聯邦銀","3642563","73717772","20.10","20.45","20.00","20.25","0.2500","1107"
"1150226","2838A","聯邦銀甲特","92000","5020400","54.50","54.70","54.50","54.70","0.2000","27"
"1150226","2845","遠東銀","16536095","213063679","12.75","12.95","12.75","12.95","0.2000","2734"
"1150226","2849","安泰銀","215568","3021676","14.00","14.10","13.90","14.00","0.0000","162"
"1150226","2850","新產","356135","41438259","116.00","117.00","115.50","115.50","-0.5000","435"
"1150226","2851","中再保","721235","19973987","27.55","27.75","27.55","27.65","0.0500","524"
"1150226","2852","第一保","552820","15203602","27.50","27.60","27.35","27.40","-0.0500","302"
"1150226","2855","統一證","11170059","357862215","31.80","32.25","31.65","32.25","0.7500","4240"
"1150226","2867","三商壽","32736592","271477788","8.20","8.35","8.20","8.26","0.0500","5771"
"1150226","2880","華南金","39172624","1481326999","37.00","38.10","36.80","38.10","0.9000","11835"
"1150226","2881","富邦金","34978747","3297563471","92.90","95.10","92.90","94.20","1.3000","11841"
"1150226","2881A","富邦特","141270","8958831","63.50","63.50","63.40","63.40","-0.1000","38"
"1150226","2881B","富邦金乙特","92897","5717363","61.50","61.60","61.50","61.60","0.0000","47"
"1150226","2881C","富邦金丙特","114127","5948344","52.10","52.20","52.00","52.20","0.1000","90"
"1150226","2882","國泰金","67348907","5355644906","77.00","80.20","77.00","79.70","2.8000","14867"
"1150226","2882A","國泰特","113594","6903207","60.70","60.90","60.70","60.90","0.1000","33"
"1150226","2882B","國泰金乙特","64779","3890155","60.00","60.20","60.00","60.20","0.2000","30"
"1150226","2883","凱基金","161927683","3532875285","20.80","22.05","20.80","21.95","1.0500","31425"
"1150226","2883B","凱基金乙特","2638508","21223447","8.03","8.06","8.03","8.06","0.0300","713"
"1150226","2884","玉山金","101501150","3569245574","34.80","35.50","34.75","35.10","0.1500","20134"
"1150226","2885","元大金","56965743","2784196716","47.20","49.70","47.20","49.15","1.9000","15305"
"1150226","2886","兆豐金","30792529","1248873521","40.50","40.85","40.35","40.55","0.0000","10752"
"1150226","2887","台新新光金","183395654","4683544815","24.90","26.00","24.85","25.60","0.7000","23239"
"1150226","2887E","台新新光戊特一","183813","9232845","50.20","50.30","50.10","50.20","0.0000","61"
"1150226","2887F","台新新光戊特二","53686","2560658","47.70","47.80","47.65","47.75","0.0000","50"
"1150226","2887G","台新新光庚特一","249012","10216732","41.00","41.10","41.00","41.00","0.0000","74"
"1150226","2887H","台新新光庚特二","435165","17452050","40.10","40.50","40.05","40.05","0.0000","162"
"1150226","2887I","台新新光辛特","11174533","103793996","9.28","9.30","9.27","9.30","0.0200","1739"
"1150226","2887Z1","台新新光己特","159519","2819197","17.50","17.80","17.50","17.80","0.3500","124"
"1150226","2889","國票金","6355911","106912073","16.60","17.10","16.55","16.95","0.3500","2292"
"1150226","2890","永豐金","55299356","1832111993","32.55","33.45","32.45","33.20","0.4500","10287"
"1150226","2891","中信金","105177672","5848562579","53.90","56.40","53.90","55.90","2.4000","22997"
"1150226","2891B","中信金乙特","3602","228974","63.60","63.60","63.60","63.60","-0.1000","16"
"1150226","2891C","中信金丙特","5503","330381","60.00","60.10","60.00","60.00","0.0000","27"
"1150226","2892","第一金","69539880","2077842479","29.85","30.00","29.70","29.90","0.0000","8897"
"1150226","2897","王道銀行","6931652","68009618","9.73","9.86","9.70","9.80","0.0800","1633"
"1150226","2897B","王道銀乙特","44132","520757","11.80","11.80","11.80","11.80","0.0500","12"
"1150226","2901","欣欣","62272","1501684","24.35","24.40","23.95","23.95","-0.4000","181"
"1150226","2903","遠百","3252790","74403571","22.95","23.05","22.75","22.80","-0.1500","1694"
"1150226","2904","匯僑","116639","2008045","17.10","17.50","17.10","17.25","0.1000","83"
"1150226","2905","三商","1702638","27947489","16.10","16.60","16.10","16.50","0.4000","818"
"1150226","2906","高林","167205","2112585","12.60","12.70","12.55","12.70","0.1000","171"
"1150226","2908","特力","85152","1758925","20.65","20.75","20.55","20.70","0.0500","67"
"1150226","2910","統領","21400","492300","22.65","23.25","22.60","23.15","0.4000","21"
"1150226","2911","麗嬰房","53358","269057","5.10","5.10","5.00","5.10","-0.0300","120"
"1150226","2912","統一超","5362252","1193018124","223.00","224.00","220.50","223.00","0.5000","4231"
"1150226","2913","農林","1704593","22245611","13.20","13.20","12.95","13.05","-0.1000","928"
"1150226","2915","潤泰全","2345087","125289047","53.60","53.90","53.10","53.20","-0.1000","1186"
"1150226","2923","鼎固-KY","246864","6790548","27.50","28.00","26.40","28.00","1.5500","310"
"1150226","2929","淘帝-KY","403566","3032323","7.56","7.56","7.47","7.49","-0.1000","350"
"1150226","2939","永邑-KY","13098","314952","24.50","24.50","24.00","24.00","-0.3500","24"
"1150226","2945","三商家購","22201","952219","42.90","43.00","42.70","42.70","-0.2000","63"
"1150226","3002","歐格","760146","16839926","21.40","22.60","21.35","22.30","0.9500","605"
"1150226","3003","健和興","355966","18001641","50.30","50.80","50.30","50.60","0.1000","619"
"1150226","3004","豐達科","902814","99970253","115.00","115.00","108.00","111.50","-5.0000","1458"
"1150226","3005","神基","4510540","510983433","114.00","114.50","112.00","113.00","-1.0000","3417"
"1150226","3006","晶豪科","11071056","1721273680","158.50","159.00","151.50","156.50","-2.5000","8535"
"1150226","3008","大立光","1650676","4120878410","2430.00","2535.00","2410.00","2520.00","105.0000","8561"
"1150226","3010","華立","3039003","396742516","129.50","134.00","127.50","129.50","1.5000","5281"
"1150226","3011","今皓","804167","10468777","13.15","13.25","12.90","12.90","-0.2500","478"
"1150226","3013","晟銘電","2816151","320661716","114.00","115.50","112.00","113.00","0.0000","2250"
"1150226","3014","聯陽","1072633","133006036","126.00","126.00","122.50","123.00","-0.5000","1102"
"1150226","3015","全漢","439348","24215375","54.80","55.60","54.50","55.40","0.7000","343"
"1150226","3016","嘉晶","6353847","396993277","59.70","64.30","59.00","63.00","4.4000","5292"
"1150226","3017","奇鋐","10544482","18338271690","1680.00","1785.00","1665.00","1765.00","90.0000","23134"
"1150226","3018","隆銘綠能","26821","355582","13.40","13.40","13.10","13.10","0.0500","108"
"1150226","3019","亞光","8858800","1358480528","151.00","155.00","151.00","152.00","1.5000","7569"
"1150226","3021","鴻名","114670","2006075","17.25","17.60","17.20","17.55","0.1500","82"
"1150226","3022","威強電","441530","26525969","60.10","60.50","59.60","60.10","0.0000","519"
"1150226","3023","信邦","2124555","515647258","242.50","245.50","240.50","244.00","0.0000","5048"
"1150226","3024","憶聲","757163","7992307","10.50","10.70","10.40","10.50","0.0000","668"
"1150226","3025","星通","1657579","95528067","55.40","59.40","55.10","58.50","3.6000","1651"
"1150226","3026","禾伸堂","1759767","208540594","120.00","120.00","117.50","119.00","-1.0000","2101"
"1150226","3027","盛達","344374","8174562","23.50","23.90","23.40","23.60","-0.1000","334"
"1150226","3028","增你強","27859435","1563906622","56.20","58.60","54.40","55.50","0.7000","18666"
"1150226","3029","零壹","5183338","614746829","114.00","122.50","114.00","121.50","9.0000","5118"
"1150226","3030","德律","10139595","2224147928","206.50","223.50","205.50","223.50","20.0000","10656"
"1150226","3031","佰鴻","446752","9052614","20.30","20.40","20.15","20.25","0.2000","236"
"1150226","3032","偉訓","661298","47713258","72.50","73.00","71.20","72.20","-0.2000","657"
"1150226","3033","威健","4477965","143936974","31.90","32.40","31.70","31.85","0.1000","2770"
"1150226","3034","聯詠","6586764","2575587495","389.00","393.00","387.50","393.00","6.0000","5656"
"1150226","3035","智原","6002639","1024336783","168.50","174.50","168.00","168.00","0.5000","5477"
"1150226","3036","文曄","10466606","1927816452","183.00","189.50","180.00","184.00","1.0000","9607"
"1150226","3037","欣興","85576984","39594012727","458.00","484.50","436.00","481.50","23.0000","81281"
"1150226","3038","全台","238336","5538888","23.20","23.35","23.10","23.25","0.1000","308"
"1150226","3040","遠見","735021","28947989","40.30","40.40","38.50","40.10","0.0000","1394"
"1150226","3041","揚智","1110838","27681965","25.00","25.15","24.75","24.90","-0.1000","977"
"1150226","3042","晶技","2390591","221040200","92.30","93.80","91.80","91.80","-0.3000","3621"
"1150226","3043","科風","143690","3124035","21.90","21.90","21.55","21.80","-0.1500","438"
"1150226","3044","健鼎","4147989","1630169443","401.00","404.50","387.00","389.50","-7.5000","4864"
"1150226","3045","台灣大","12478656","1345644897","108.50","109.00","107.50","107.50","-1.0000","4585"
"1150226","3046","建碁","197834","9721130","49.05","49.30","48.90","49.10","0.5500","500"
"1150226","3047","訊舟","1362279","24104740","17.55","17.85","17.50","17.80","0.2500","725"
"1150226","3048","益登","2388638","95130055","40.10","40.45","38.90","40.35","0.8500","1836"
"1150226","3049","精金","16556860","169341682","9.60","10.40","9.49","10.40","0.9100","5313"
"1150226","3050","鈺德","1028199","13959218","13.85","13.90","13.40","13.70","0.0000","669"
"1150226","3051","力特","619468","14399365","23.35","23.55","22.75","23.15","-0.1500","723"
"1150226","3052","夆典","329089","3821008","11.70","11.70","11.55","11.60","-0.1000","294"
"1150226","3054","立萬利","260798","9897267","37.95","37.95","37.95","37.95","3.4500","165"
"1150226","3055","蔚華科","636027","43963389","67.40","70.50","67.00","69.10","2.0000","582"
"1150226","3056","富華新","1140290","19587131","17.20","17.35","17.05","17.05","-0.1000","1408"
"1150226","3057","喬鼎","127466","2107160","16.45","16.70","16.45","16.55","0.1000","452"
"1150226","3058","立德","1472532","14938311","10.30","10.35","10.00","10.30","0.0000","645"
"1150226","3059","華晶科","1693432","67644025","40.00","40.20","39.75","39.75","0.0000","1413"
"1150226","3060","銘異","5381203","183283627","33.70","34.80","33.30","33.90","0.8000","3319"
"1150226","3062","建漢","3452864","91034331","26.15","26.70","25.80","26.55","0.4500","1981"
"1150226","3090","日電貿","6635557","665727729","102.50","103.00","99.30","99.70","-2.8000","5223"
"1150226","3092","鴻碩","2318695","74407293","31.90","32.15","31.45","32.15","2.9000","964"
"1150226","3094","聯傑","367720","9384277","25.00","25.95","25.00","25.60","0.6000","286"
"1150226","3130","一零四","72473","16357882","224.50","228.50","224.50","225.00","0.5000","133"
"1150226","3135","凌航","3280488","412002366","128.00","130.00","123.00","125.00","-3.0000","2863"
"1150226","3138","耀登","7631549","1449979415","179.00","198.00","176.00","198.00","18.0000","8810"
"1150226","3149","正達","5014914","265162998","53.20","54.00","52.20","52.60","-0.6000","4070"
"1150226","3150","鈺寶-創","103000","1800400","17.50","17.70","17.40","17.45","-0.3500","45"
"1150226","3164","景岳","163737","2908069","17.75","18.00","17.45","17.80","-0.1000","259"
"1150226","3167","大量","1499069","445116606","295.00","302.50","288.00","297.00","2.0000","2196"
"1150226","3168","眾福科","10091","411829","41.10","41.10","40.50","40.50","-0.2000","11"
"1150226","3189","景碩","51206644","16210004874","325.00","329.50","304.50","314.50","-11.0000","55517"
"1150226","3209","全科","961556","35479330","37.15","37.35","36.60","36.70","-0.3500","1223"
"1150226","3229","晟鈦","192492","4227108","22.35","22.65","21.30","22.15","-0.1500","159"
"1150226","3231","緯創","56005008","7592999527","139.00","139.00","134.50","136.00","-2.0000","38447"
"1150226","3257","虹冠電","428673","26144781","60.30","62.00","59.90","61.20","1.0000","396"
"1150226","3266","昇陽","54015","761145","14.15","14.15","13.90","14.15","0.0000","64"
"1150226","3296","勝德","89189","2150158","24.05","24.25","24.00","24.10","0.0500","218"
"1150226","3305","昇貿","11177859","1341710899","118.50","122.00","118.00","120.00","4.0000","9187"
"1150226","3308","聯德","1514400","37399946","25.00","25.70","23.40","25.15","-0.5500","1081"
"1150226","3311","閎暉","760628","25485699","33.10","34.15","32.40","33.95","1.4500","747"
"1150226","3312","弘憶股","718914","27434202","38.50","38.65","37.80","38.15","0.1500","1012"
"1150226","3321","同泰","371202","6828098","18.00","18.80","18.00","18.40","-0.2000","593"
"1150226","3338","泰碩","1559921","90131805","57.00","58.40","56.90","58.00","1.3000","1708"
"1150226","3346","麗清","354522","7442793","20.80","21.30","20.70","21.25","0.4500","278"
"1150226","3356","奇偶","502291","23811406","47.50","47.75","47.15","47.35","-0.1500","1428"
"1150226","3376","新日興","7013788","1469488530","204.00","215.00","201.00","207.00","5.5000","6722"
"1150226","3380","明泰","5962518","188062260","32.45","32.50","31.25","31.25","-1.1500","1858"
"1150226","3406","玉晶光","1027609","452897901","437.00","446.00","433.50","442.00","3.5000","1442"
"1150226","3413","京鼎","2832618","902607737","315.00","325.00","313.00","316.00","2.0000","22024"
"1150226","3416","融程電","210092","31932246","153.00","153.50","151.00","151.00","-1.5000","621"
"1150226","3419","譁裕","475807","7465432","15.90","15.95","15.55","15.60","-0.3000","270"
"1150226","3432","台端","125832","2167538","17.55","17.55","17.00","17.20","-0.1000","87"
"1150226","3437","榮創","641778","10002993","15.55","15.80","15.45","15.60","0.1500","482"
"1150226","3443","創意","5018399","13627684925","2610.00","2800.00","2595.00","2770.00","195.0000","16759"
"1150226","3447","展達","249351","10397407","41.00","42.15","41.00","41.40","0.5000","288"
"1150226","3450","聯鈞","33619909","10072469464","286.50","309.50","285.50","309.50","28.0000","38143"
"1150226","3454","晶睿","280730","27882498","99.30","99.60","99.20","99.40","0.1000","342"
"1150226","3481","群創","837945188","21727996932","25.05","27.00","24.15","26.80","2.2000","225417"
"1150226","3494","誠研","206762","1755201","8.41","8.68","8.25","8.66","0.2500","192"
"1150226","3501","維熹","212559","11006056","52.30","52.30","51.50","51.90","-0.2000","524"
"1150226","3504","揚明光","3569968","228041124","61.10","65.70","60.70","64.50","3.4000","3380"
"1150226","3515","華擎","927718","211876809","230.50","230.50","227.00","228.50","0.0000","1669"
"1150226","3518","柏騰","366102","7822608","21.05","22.00","20.85","21.15","0.3000","270"
"1150226","3528","安馳","265019","18848060","71.80","72.00","70.70","71.00","-1.0000","1335"
"1150226","3530","晶相光","209057","13191364","63.50","64.40","62.60","62.70","-0.1000","302"
"1150226","3532","台勝科","3158693","438356479","139.00","141.50","137.00","138.00","0.0000","2478"
"1150226","3533","嘉澤","2982019","5368989490","1760.00","1880.00","1745.00","1775.00","-20.0000","5889"
"1150226","3535","晶彩科","4302645","544530688","124.00","127.50","124.00","127.50","11.5000","1937"
"1150226","3543","州巧","14703743","817057364","55.20","58.80","52.90","53.50","-1.6000","14479"
"1150226","3545","敦泰","","","","","","","0.0000",""
"1150226","3550","聯穎","3072326","55324240","17.90","18.35","17.55","18.15","-0.1500","2008"
"1150226","3557","嘉威","67154","2304421","35.20","35.20","34.15","34.30","0.1500","150"
"1150226","3563","牧德","3401816","1924863646","537.00","570.00","535.00","570.00","51.0000","5224"
"1150226","3576","聯合再生","156546917","3351481301","21.55","22.10","19.70","22.10","2.0000","63483"
"1150226","3583","辛耘","4352471","1615933410","362.00","378.00","359.50","371.00","11.0000","6120"
"1150226","3588","通嘉","385152","20327337","52.40","53.30","52.30","52.30","0.3000","516"
"1150226","3591","艾笛森","928399","17479249","19.20","19.20","18.60","18.85","-0.4000","724"
"1150226","3592","瑞鼎","530356","124398630","237.00","237.50","232.50","233.00","-4.0000","1078"
"1150226","3593","力銘","73534","882706","11.95","12.25","11.95","12.25","0.3000","307"
"1150226","3596","智易","4471586","882982840","190.00","202.50","189.00","197.00","10.5000","4370"
"1150226","3605","宏致","1298677","83865339","64.80","65.20","63.80","64.50","-0.2000","1361"
"1150226","3607","谷崧","285675","4054376","14.05","14.30","13.95","14.25","0.3500","282"
"1150226","3617","碩天","226211","44331271","194.50","197.00","194.00","195.00","0.5000","729"
"1150226","3622","洋華","477521","29002982","61.00","61.40","59.70","61.10","1.1000","416"
"1150226","3645","達邁","8388967","534488636","60.10","65.30","59.50","64.20","4.8000","5867"
"1150226","3652","精聯","82055","2317764","28.40","28.55","28.10","28.20","-0.2000","51"
"1150226","3653","健策","1292986","4036821270","3120.00","3190.00","3055.00","3120.00","-10.0000","5664"
"1150226","3661","世芯-KY","1524358","5323316420","3480.00","3530.00","3435.00","3490.00","10.0000","8673"
"1150226","3665","貿聯-KY","5632601","7899669790","1390.00","1440.00","1375.00","1410.00","65.0000","10043"
"1150226","3669","圓展","167841","5770818","34.50","34.95","33.95","34.35","0.4500","141"
"1150226","3673","TPK-KY","2568038","109398510","41.85","42.95","41.70","42.90","0.9500","1727"
"1150226","3679","新至陞","109912","13019513","119.00","119.50","117.50","119.50","0.5000","240"
"1150226","3686","達能","734589","14714374","19.60","20.25","19.45","20.00","0.4000","674"
"1150226","3694","海華","994023","61813208","62.00","62.80","61.60","61.90","-0.2000","871"
"1150226","3701","大眾控","8179076","486987203","58.90","61.40","57.80","58.90","-0.6000","5650"
"1150226","3702","大聯大","13477766","936732192","69.00","70.60","67.80","70.00","1.5000","9867"
"1150226","3703","欣陸","2211724","49614178","22.65","22.70","22.30","22.30","-0.2500","977"
"1150226","3704","合勤控","4053790","137717417","34.10","34.60","33.50","34.45","0.4000","2262"
"1150226","3705","永信","357633","19564894","55.20","55.20","54.60","54.60","-0.4000","331"
"1150226","3706","神達","12761802","1027301455","82.30","82.30","80.00","80.00","-1.5000","12244"
"1150226","3708","上緯投控","3604009","443219220","122.50","126.50","120.00","121.50","3.5000","2907"
"1150226","3711","日月光投控","40211654","15587210616","388.00","394.00","381.00","387.50","-1.5000","19112"
"1150226","3712","永崴投控","673643","16934087","25.45","25.45","24.85","25.05","-0.4000","990"
"1150226","3714","富采","2740644","104186458","38.20","38.45","37.40","38.10","-0.1000","2409"
"1150226","3715","定穎投控","44059040","6754683788","152.50","160.00","145.50","158.00","5.0000","34120"
"1150226","3716","中化控股","102632","3509901","34.40","34.40","34.00","34.20","-0.1500","223"
"1150226","3717","聯嘉投控","404068","7101397","17.55","17.70","17.40","17.55","0.0000","235"
"1150226","4104","佳醫","522445","40773010","78.50","78.50","77.80","78.10","-0.4000","1050"
"1150226","4106","雃博","52365","1197681","22.85","22.95","22.75","22.95","0.1000","94"
"1150226","4108","懷特","181211","2557531","14.20","14.20","14.05","14.15","-0.0500","326"
"1150226","4119","旭富","145578","7744615","53.20","53.80","52.70","53.60","0.5000","347"
"1150226","4133","亞諾法","197972","5005189","25.20","25.60","25.00","25.30","0.1000","622"
"1150226","4137","麗豐-KY","156052","17099807","110.50","111.00","108.50","109.50","-1.0000","189"
"1150226","4142","國光生","2672139","48197830","18.00","18.20","17.90","18.00","0.0500","1040"
"1150226","4148","全宇生技-KY","27885","1023300","36.95","37.00","36.45","37.00","0.0500","36"
"1150226","4155","訊映","140008","2015440","14.30","14.50","14.30","14.45","0.1500","242"
"1150226","4164","承業醫","550853","18225087","33.00","33.30","32.80","33.10","0.1500","511"
"1150226","4190","佐登-KY","26086","756868","29.25","29.25","28.90","28.95","-0.0500","155"
"1150226","4306","炎洲","821274","11236382","13.70","13.75","13.60","13.65","-0.0500","636"
"1150226","4414","如興","332079","3437204","10.35","10.45","10.30","10.35","0.0000","307"
"1150226","4426","利勤","93087","876287","9.49","9.49","9.37","9.41","-0.0800","104"
"1150226","4438","廣越","94075","6446657","68.90","68.90","68.10","68.40","-0.5000","107"
"1150226","4439","冠星-KY","25278","2592478","102.00","103.00","102.00","103.00","0.5000","22"
"1150226","4440","宜新實業","136780","2397544","17.35","17.75","17.35","17.55","0.0500","98"
"1150226","4441","振大環球","25977","6402404","246.50","248.00","245.00","245.50","-3.5000","46"
"1150226","4526","東台","6322719","212799302","35.00","35.00","33.05","33.60","-1.7000","4310"
"1150226","4532","瑞智","971283","25096014","25.80","26.00","25.70","25.95","0.1000","542"
"1150226","4536","拓凱","1618075","272849490","164.00","169.50","162.50","169.50","6.5000","508"
"1150226","4540","全球傳動","4641904","240209981","50.40","52.80","50.40","51.70","1.2000","3665"
"1150226","4545","銘鈺","178806","6376480","35.45","36.00","35.20","35.45","-0.2500","199"
"1150226","4551","智伸科","494769","61536683","124.00","126.50","122.00","125.00","1.5000","413"
"1150226","4552","力達-KY","83089","1965588","23.65","23.75","23.60","23.65","-0.0500","154"
"1150226","4555","氣立","168433","6384606","37.35","38.15","37.35","37.90","0.5500","177"
"1150226","4557","永新-KY","164240","11060485","66.20","68.30","66.10","67.50","0.9000","220"
"1150226","4560","強信-KY","396058","13121492","33.55","33.55","32.80","33.40","-0.1500","153"
"1150226","4562","穎漢","394367","14935281","37.70","38.25","37.45","37.50","-0.3000","582"
"1150226","4564","元翎","2029012","39404388","19.30","19.80","18.95","19.55","0.4000","1389"
"1150226","4566","時碩工業","484777","29013267","59.90","60.60","59.40","59.40","-0.3000","814"
"1150226","4569","六方科-KY","18843","2880236","152.00","154.50","152.00","153.00","1.0000","36"
"1150226","4571","鈞興-KY","790580","143438087","177.50","184.00","177.50","183.00","7.5000","996"
"1150226","4572","駐龍","12956","1922048","148.00","148.50","148.00","148.00","-1.5000","687"
"1150226","4576","大銀微系統","797634","93650829","115.50","119.00","115.00","118.50","3.0000","828"
"1150226","4581","光隆精密-KY","36100","1834540","50.80","51.00","50.70","50.90","-0.1000","15"
"1150226","4583","台灣精銳","236498","165657852","708.00","710.00","692.00","696.00","-6.0000","887"
"1150226","4585","達明","664410","235084592","343.50","358.00","343.50","357.00","15.0000","1628"
"1150226","4588","玖鼎電力","90859","6050241","66.50","67.40","65.80","67.00","0.6000","142"
"1150226","4590","富田-創","275271","22396826","79.10","82.30","79.10","81.10","2.2000","743"
"1150226","4720","德淵","522836","8724184","16.75","16.85","16.60","16.65","0.0000","251"
"1150226","4722","國精化","8499134","1796852650","213.50","223.50","202.00","217.00","10.0000","34576"
"1150226","4736","泰博","285847","35555669","124.00","125.00","124.00","124.50","0.5000","282"
"1150226","4737","華廣","220427","12024370","54.80","55.50","54.00","54.30","0.3000","179"
"1150226","4739","康普","1796238","138739055","75.70","78.30","75.10","77.50","1.1000","1897"
"1150226","4746","台耀","831263","47256419","57.90","57.90","56.50","56.70","-0.6000","867"
"1150226","4755","三福化","770061","113712335","150.00","150.00","145.00","148.00","-1.5000","1571"
"1150226","4763","材料*-KY","5049180","239419022","47.40","48.00","47.20","47.20","-0.1500","3543"
"1150226","4764","雙鍵","7894846","1090011293","136.50","144.00","133.00","135.50","0.0000","6026"
"1150226","4766","南寶","364864","119136865","327.50","328.50","323.00","328.50","4.0000","2139"
"1150226","4770","上品","962802","242399193","247.00","257.00","247.00","247.00","0.0000","1224"
"1150226","4771","望隼","132068","23927526","180.00","182.50","180.00","181.00","1.0000","443"
"1150226","4807","日成-KY","14955","267216","17.85","18.00","17.75","17.75","-0.1000","63"
"1150226","4904","遠傳","30691847","2826936304","93.70","94.00","91.70","92.00","-2.3000","5242"
"1150226","4906","正文","2596031","70206897","27.00","27.35","26.65","27.15","0.2000","1485"
"1150226","4912","聯德控股-KY","1109167","108358082","100.00","100.00","95.90","98.50","-1.5000","1352"
"1150226","4915","致伸","2373729","194436047","82.60","82.60","81.10","81.80","-0.4000","1975"
"1150226","4916","事欣科","3415791","216885921","63.60","64.30","62.60","63.80","0.2000","2779"
"1150226","4919","新唐","13915914","1009690705","70.80","74.30","70.60","72.70","2.0000","10384"
"1150226","4927","泰鼎-KY","46684991","2208954359","44.50","48.65","44.50","47.25","3.0000","22646"
"1150226","4930","燦星網","105003","2290555","21.85","21.90","21.70","21.80","-0.0500","169"
"1150226","4934","太極","3419582","64543958","19.10","19.45","18.35","18.90","-0.1000","1942"
"1150226","4935","茂林-KY","190734","7409215","39.25","39.35","38.35","39.00","-0.3500","171"
"1150226","4938","和碩","25179622","1853904471","73.10","74.20","72.80","73.50","0.4000","10664"
"1150226","4942","嘉彰","205645","7899666","38.60","38.65","38.30","38.55","0.0500","186"
"1150226","4943","康控-KY","65601","761705","11.75","11.75","11.55","11.55","0.2000","69"
"1150226","4949","有成精密","1486755","72259468","47.80","49.40","47.20","48.55","1.3500","1187"
"1150226","4952","凌通","460894","19292207","42.10","42.20","41.60","42.05","-0.0500","406"
"1150226","4956","光鋐","2487815","64095884","25.50","26.20","25.20","25.80","0.0000","1715"
"1150226","4958","臻鼎-KY","35951750","7503534375","207.50","213.50","204.00","209.00","3.5000","26342"
"1150226","4960","誠美材","3202391","45213701","14.35","14.35","13.85","14.10","0.0500","1144"
"1150226","4961","天鈺","1113341","166567626","148.50","151.50","148.00","148.50","0.0000","1192"
"1150226","4967","十銓","13032152","2656848354","205.00","207.50","200.00","204.50","-14.5000","12336"
"1150226","4968","立積","1086165","135188381","123.50","126.50","123.00","123.50","1.0000","1090"
"1150226","4976","佳凌","635900","20252466","31.50","32.15","31.35","31.65","0.3000","647"
"1150226","4977","眾達-KY","30105493","5100450328","160.50","173.00","160.50","173.00","15.5000","22183"
"1150226","4989","榮科","30984050","1967331390","63.90","66.00","60.20","64.20","1.9000","19804"
"1150226","4994","傳奇","34724","3590155","104.00","105.00","102.00","103.50","1.0000","50"
"1150226","4999","鑫禾","57318","1334849","23.20","23.35","23.20","23.30","0.2000","276"
"1150226","5007","三星","94903","5743948","61.20","61.20","59.90","60.80","-0.4000","95"
"1150226","5203","訊連","1977961","141436727","75.20","75.20","70.40","70.60","-6.9000","1978"
"1150226","5215","科嘉-KY","110033","4399390","40.05","40.10","39.80","40.00","-0.0500","145"
"1150226","5222","全訊","898975","129676367","146.00","147.00","140.50","144.00","-1.5000","1665"
"1150226","5225","東科-KY","579234","57700924","99.60","100.50","99.10","99.40","-0.1000","745"
"1150226","5234","達興材料","3990772","1676586180","445.00","448.00","405.00","424.50","-25.5000","5708"
"1150226","5243","乙盛-KY","1996914","171791549","87.20","87.80","85.10","85.50","-2.1000","1828"
"1150226","5244","弘凱","202162","7855330","39.35","39.40","38.55","38.70","-0.4000","175"
"1150226","5258","虹堡","343214","17925794","52.00","53.00","51.70","52.40","-0.1000","481"
"1150226","5269","祥碩","1293094","1714033330","1315.00","1350.00","1310.00","1315.00","0.0000","3723"
"1150226","5283","禾聯碩","113921","6845153","60.60","60.60","59.90","60.00","-0.2000","461"
"1150226","5284","jpp-KY","673781","181915006","271.00","273.50","268.00","268.50","1.0000","1111"
"1150226","5285","界霖","391238","19834552","50.50","51.30","50.00","50.60","-0.3000","265"
"1150226","5288","豐祥-KY","78807","11489687","146.00","146.50","145.00","146.00","0.0000","193"
"1150226","5292","華懋","205203","37047201","183.00","183.50","179.00","180.50","-3.0000","270"
"1150226","5306","桂盟","149159","13904931","93.60","93.60","92.60","93.20","-0.3000","517"
"1150226","5388","中磊","3717163","310239997","83.30","84.40","82.30","83.10","0.2000","2630"
"1150226","5434","崇越","890311","311555033","348.00","354.50","346.00","348.50","0.5000","1398"
"1150226","5469","瀚宇博","13180756","1224658036","94.50","95.10","90.60","93.70","-0.6000","9973"
"1150226","5471","松翰","2340196","102639118","42.80","44.55","42.45","43.95","1.5500","1904"
"1150226","5484","慧友","214181","8367626","38.90","39.60","38.60","39.30","0.7000","299"
"1150226","5515","建國","375268","12457467","33.30","33.60","32.85","33.10","-0.2000","819"
"1150226","5519","隆大","551298","17893304","32.25","32.70","32.25","32.35","0.3000","605"
"1150226","5521","工信","25337916","633440544","24.00","26.15","23.70","26.10","2.3000","7267"
"1150226","5522","遠雄","686791","46724942","68.10","68.90","67.40","67.80","-0.1000","630"
"1150226","5525","順天","64520","1694942","26.45","26.45","26.15","26.40","0.0500","69"
"1150226","5531","鄉林","274134","2465084","8.93","9.03","8.93","9.00","0.0000","182"
"1150226","5533","皇鼎","115967","1675466","14.45","14.55","14.35","14.55","0.1000","85"
"1150226","5534","長虹","1879379","143230853","77.70","78.40","75.50","75.50","-0.9000","1697"
"1150226","5538","東明-KY","67130","2234315","33.45","33.65","33.10","33.40","0.0500","60"
"1150226","5546","永固-KY","43002","936597","21.50","22.40","21.35","21.75","0.1000","37"
"1150226","5607","遠雄港","2344885","129842409","54.30","56.00","54.20","55.70","2.2000","1759"
"1150226","5608","四維航","2878371","50860404","17.60","17.95","17.50","17.60","0.0500","1339"
"1150226","5706","鳳凰","261113","13108316","50.80","50.80","50.00","50.00","-0.8000","1104"
"1150226","5871","中租-KY","8595010","898597527","105.50","106.00","104.00","104.00","-1.5000","4389"
"1150226","5871A","中租-KY甲特","73726","7446177","101.00","101.00","101.00","101.00","0.0000","37"
"1150226","5876","上海商銀","17778258","714565875","40.35","40.50","40.05","40.15","-0.3000","4382"
"1150226","5880","合庫金","34970206","839165941","23.95","24.10","23.90","24.00","0.0500","9356"
"1150226","5906","台南-KY","9085","476420","53.00","53.00","52.00","52.00","-0.5000","13"
"1150226","5907","大洋-KY","172258","1019723","5.95","5.98","5.90","5.94","0.0200","93"
"1150226","6005","群益證","9712843","310499896","31.55","32.20","31.55","32.10","0.8500","5004"
"1150226","6024","群益期","594836","31414853","52.80","53.10","52.50","53.10","0.4000","419"
"1150226","6108","競國","745576","11525356","14.90","15.70","14.90","15.60","0.8000","529"
"1150226","6112","邁達特","3369054","161464122","46.05","48.45","46.05","48.45","4.4000","2567"
"1150226","6115","鎰勝","114195","5496601","48.10","48.20","48.00","48.20","0.1000","105"
"1150226","6116","彩晶","42585762","391474143","9.02","9.36","8.92","9.27","0.3200","11259"
"1150226","6117","迎廣","609273","46842589","76.60","78.00","75.80","76.10","0.3000","981"
"1150226","6120","達運","3882213","52916554","13.50","13.85","13.30","13.80","0.4500","1889"
"1150226","6128","上福","261773","6985149","26.20","27.15","26.20","26.65","0.4500","221"
"1150226","6133","金橋","3918161","95660047","23.30","24.90","23.15","24.65","1.5500","2357"
"1150226","6136","富爾特","278955","6679563","24.00","24.00","23.85","24.00","0.0000","219"
"1150226","6139","亞翔","10054231","5908959933","562.00","603.00","556.00","585.00","28.0000","15045"
"1150226","6141","柏承","1519567","18465459","11.20","12.40","11.20","12.40","1.1000","1104"
"1150226","6142","友勁","576878","5681931","9.95","9.95","9.72","9.89","0.0300","346"
"1150226","6152","百一","14249279","255427745","18.30","18.30","17.30","18.25","1.6000","6277"
"1150226","6153","嘉聯益","5816110","94340395","15.90","16.55","15.70","16.50","0.5500","2702"
"1150226","6155","鈞寶","4678503","248695982","51.00","55.50","49.35","53.30","2.8000","3734"
"1150226","6164","華興","528785","6516381","12.50","12.50","12.25","12.40","0.0500","408"
"1150226","6165","浪凡","148151","6394362","43.55","43.55","42.85","43.15","0.1000","216"
"1150226","6166","凌華","332738","21534970","65.00","65.00","64.30","65.00","0.0000","307"
"1150226","6168","宏齊","782685","16145648","20.25","20.90","20.25","20.85","0.4000","479"
"1150226","6176","瑞儀","7256586","891257545","125.50","126.00","122.00","122.00","-13.5000","7370"
"1150226","6177","達麗","1008331","47913797","48.00","48.15","47.20","47.35","-0.6500","964"
"1150226","6183","關貿","40737","3887561","95.20","95.80","95.20","95.80","0.2000","151"
"1150226","6184","大豐電","52259","2515899","48.25","48.25","48.05","48.20","0.0500","113"
"1150226","6189","豐藝","1545447","72666629","46.50","47.80","46.50","46.65","0.3500","2151"
"1150226","6191","精成科","9104643","981655687","108.00","110.00","105.00","109.00","2.0000","5975"
"1150226","6192","巨路","735724","96084932","129.50","133.00","127.00","132.00","3.5000","1072"
"1150226","6196","帆宣","5735675","1740776879","294.50","310.00","292.50","305.00","13.0000","7446"
"1150226","6197","佳必琪","3179648","495290935","152.50","159.50","151.00","154.50","4.0000","3158"
"1150226","6201","亞弘電","46931","2525276","54.00","54.00","53.60","53.90","-0.1000","53"
"1150226","6202","盛群","7573766","476707853","62.00","64.20","61.00","62.70","0.7000","8058"
"1150226","6205","詮欣","371296","18752238","49.95","51.60","49.20","50.50","0.9500","351"
"1150226","6206","飛捷","374036","35177952","93.80","94.70","93.60","93.90","-0.3000","689"
"1150226","6209","今國光","6364467","407717702","65.60","65.60","63.00","63.40","-1.8000","5629"
"1150226","6213","聯茂","27422010","3891283654","148.00","148.50","137.50","141.50","-5.0000","19442"
"1150226","6214","精誠","3108693","357897496","113.50","117.00","113.50","115.00","5.0000","3015"
"1150226","6215","和椿","2478662","290553591","115.00","119.00","114.00","116.00","2.5000","2354"
"1150226","6216","居易","112488","3063284","27.30","27.50","27.05","27.30","0.0000","160"
"1150226","6224","聚鼎","295512","12876526","43.00","44.30","42.85","43.90","0.7500","387"
"1150226","6225","天瀚","38656","756373","18.25","20.20","17.70","18.75","0.3500","56"
"1150226","6226","光鼎","704813","6452707","8.97","9.38","8.93","9.27","0.3300","398"
"1150226","6230","尼得科超眾","1065437","164635359","150.00","157.00","149.00","157.00","14.0000","2680"
"1150226","6235","華孚","933301","54541974","58.40","59.10","58.00","58.00","-0.5000","896"
"1150226","6239","力成","11824885","3026095164","259.00","261.00","249.00","258.00","0.0000","12023"
"1150226","6243","迅杰","116865","4052028","34.00","35.00","34.00","34.50","0.1000","297"
"1150226","6257","矽格","19767968","2871211933","143.50","150.50","137.50","150.50","13.5000","12810"
"1150226","6269","台郡","2102373","136158913","65.30","65.40","63.70","64.70","-0.9000","1824"
"1150226","6271","同欣電","27559956","4996255104","194.50","196.00","173.00","177.00","-12.0000","26247"
"1150226","6272","驊陞","270817","10758295","39.80","40.30","39.55","39.60","-0.5000","196"
"1150226","6277","宏正","95809","5790529","60.10","60.90","60.10","60.60","0.5000","89"
"1150226","6278","台表科","2924055","299101975","101.50","103.50","101.50","101.50","0.5000","2140"
"1150226","6281","全國電","75968","4594703","60.50","60.60","60.30","60.50","0.0000","101"
"1150226","6282","康舒","20586141","1057281954","51.00","52.00","50.40","52.00","0.7000","11870"
"1150226","6283","淳安","232040","5116189","22.15","22.20","21.90","22.10","-0.0500","145"
"1150226","6285","啟碁","22191710","4173588656","188.00","191.50","184.00","187.00","-3.0000","19430"
"1150226","6405","悅城","1534190","55509454","34.90","37.30","34.65","35.45","0.5500","1391"
"1150226","6409","旭隼","946474","880679370","919.00","946.00","916.00","926.00","6.0000","1580"
"1150226","6412","群電","1819031","165384304","92.10","92.10","90.10","90.90","-1.1000","2091"
"1150226","6414","樺漢","1136598","325473662","286.00","289.00","284.00","285.00","0.0000","1216"
"1150226","6415","矽力*-KY","5114264","1453319698","280.00","291.50","279.00","281.00","2.0000","5301"
"1150226","6416","瑞祺電通","284302","23433911","82.10","83.20","81.70","81.90","0.7000","412"
"1150226","6426","統新","2180094","405132217","178.00","193.50","173.50","191.50","14.5000","2360"
"1150226","6431","光麗-KY","201246","5165313","25.55","26.20","25.00","25.30","-0.2500","159"
"1150226","6438","迅得","1661920","255577024","153.00","156.00","151.50","151.50","-1.0000","1811"
"1150226","6442","光聖","1361099","2944372130","2105.00","2260.00","2065.00","2145.00","65.0000","5488"
"1150226","6443","元晶","105731328","4657325285","41.70","45.10","41.05","45.10","4.1000","43007"
"1150226","6446","藥華藥","5637267","4073562708","755.00","766.00","708.00","724.00","-23.0000","15243"
"1150226","6449","鈺邦","2617061","488910634","182.50","192.00","177.00","188.50","9.5000","5443"
"1150226","6451","訊芯-KY","7342633","1576584949","217.00","222.00","209.00","209.00","-2.0000","9662"
"1150226","6456","GIS-KY","15634177","734260853","43.65","47.75","43.60","47.75","4.3000","4497"
"1150226","6464","台數科","41529","3309622","78.90","80.00","78.90","79.70","-0.3000","54"
"1150226","6472","保瑞","837608","421604460","511.00","513.00","499.00","507.00","-3.0000","3425"
"1150226","6477","安集","3157139","117660166","36.65","37.85","36.15","37.00","0.8500","2052"
"1150226","6491","晶碩","417491","124653271","298.00","302.00","295.00","296.00","1.5000","2504"
"1150226","6504","南六","48351","2020955","41.55","42.30","41.55","41.65","-0.3500","58"
"1150226","6505","台塑化","15636807","848731469","55.60","55.70","53.10","54.50","-1.5000","10893"
"1150226","6515","穎崴","1016894","5165406105","4950.00","5220.00","4815.00","5115.00","115.0000","3749"
"1150226","6525","捷敏-KY","596293","49512019","81.80","84.20","81.50","83.40","2.0000","822"
"1150226","6526","達發","1630459","821743230","475.50","517.00","468.50","517.00","47.0000","2870"
"1150226","6531","愛普*","4941200","2157037151","425.50","449.00","423.00","433.50","6.0000","6200"
"1150226","6533","晶心科","1549591","340101752","218.00","223.50","217.00","219.00","1.5000","1038"
"1150226","6534","正瀚-創","397953","32115025","82.00","82.00","80.00","80.80","-1.4000","269"
"1150226","6541","泰福-KY","275213","13518878","49.50","49.50","48.90","48.95","-0.0500","222"
"1150226","6550","北極星藥業-KY","1731116","57854033","33.75","34.20","33.00","33.30","0.3000","1156"
"1150226","6552","易華電","294288","8865969","30.20","30.45","29.90","30.05","0.0500","194"
"1150226","6558","興能高","1078263","36921812","33.80","34.70","33.75","33.95","0.6000","982"
"1150226","6573","虹揚-KY","172704","2528922","14.55","14.95","14.35","14.65","0.1500","108"
"1150226","6579","研揚","367318","42779699","115.00","118.00","114.50","116.00","2.0000","406"
"1150226","6581","鋼聯","30441","3368741","110.00","111.50","109.50","111.00","1.0000","71"
"1150226","6582","申豐","50759","1702825","33.45","33.85","33.40","33.60","0.1500","196"
"1150226","6585","鼎基","39116","3537354","89.50","91.80","89.50","91.00","1.7000","46"
"1150226","6589","台康生技","614265","37336259","61.00","61.30","60.50","60.60","-0.4000","853"
"1150226","6591","動力-KY","547801","36857178","66.60","67.80","66.30","67.70","1.5000","548"
"1150226","6592","和潤企業","2005052","120707331","59.90","60.90","59.60","59.60","-0.3000","1469"
"1150226","6592A","和潤企業甲特","7089","687869","97.00","97.10","97.00","97.10","0.2000","20"
"1150226","6592B","和潤企業乙特","8299","809041","97.40","97.60","97.40","97.50","0.1000","48"
"1150226","6598","ABC-KY","285671","7168728","24.70","25.30","24.70","25.30","0.7500","388"
"1150226","6605","帝寶","424459","60459138","143.00","144.00","141.50","141.50","0.0000","513"
"1150226","6606","建德工業","85122","2155592","25.60","25.60","25.10","25.35","0.0500","71"
"1150226","6614","資拓宏宇","82766","3803637","45.60","46.55","45.30","45.55","-0.0500","95"
"1150226","6625","必應","246380","20028174","80.90","81.90","80.80","81.50","0.6000","319"
"1150226","6641","基士德-KY","23829","526124","22.10","22.20","21.95","21.95","0.1000","58"
"1150226","6645","金萬林-創","6818","118520","17.60","17.60","17.35","17.35","-0.2500","26"
"1150226","6655","科定","14619","1926762","131.50","132.00","131.50","132.00","1.0000","24"
"1150226","6657","華安","211257","10103888","48.05","48.25","47.45","47.70","-0.4000","224"
"1150226","6658","聯策","585586","34272964","57.00","59.40","56.70","58.20","1.2000","524"
"1150226","6666","羅麗芬-KY","10110","447840","44.10","44.60","44.10","44.10","-0.2500","16"
"1150226","6668","中揚光","223403","8290484","37.55","37.95","36.80","37.05","-0.1500","424"
"1150226","6669","緯穎","2814584","11389842810","4200.00","4200.00","3950.00","4000.00","-60.0000","15969"
"1150226","6670","復盛應用","233327","61840659","266.00","268.00","262.50","265.50","0.0000","5701"
"1150226","6671","三能-KY","26022","963441","37.40","37.40","36.80","37.10","0.1500","17"
"1150226","6672","騰輝電子-KY","1194613","121719352","102.00","103.00","100.50","102.00","1.0000","1227"
"1150226","6674","鋐寶科技","33013","661358","20.10","20.10","20.00","20.05","0.0500","29"
"1150226","6689","伊雲谷","1228820","80972746","62.90","66.30","62.80","66.30","6.0000","649"
"1150226","6691","洋基工程","2559535","1721630084","621.00","683.00","618.00","683.00","62.0000","6374"
"1150226","6695","芯鼎","440261","19032408","42.65","44.00","42.40","43.15","0.5000","366"
"1150226","6698","旭暉應材","429475","15002626","35.50","35.75","34.55","34.60","-0.3000","668"
"1150226","6706","惠特","13897466","1792140251","122.50","133.50","119.50","133.50","12.0000","10186"
"1150226","6715","嘉基","641971","111661918","175.00","177.50","169.50","174.50","-1.0000","2171"
"1150226","6719","力智","554458","103437055","185.50","188.50","185.00","185.00","0.0000","646"
"1150226","6722","輝創","129004","5430975","42.40","42.65","41.90","42.20","-0.4500","426"
"1150226","6742","澤米","242865","10636192","43.60","44.45","43.30","43.50","-0.1000","437"
"1150226","6743","安普新","186125","4961939","26.55","27.00","26.50","26.50","-0.3000","263"
"1150226","6753","龍德造船","1049885","159546361","153.00","154.50","148.50","153.00","1.0000","1558"
"1150226","6754","匯僑設計","16947","748456","44.50","44.60","43.50","44.35","0.3500","35"
"1150226","6756","威鋒電子","172671","14105408","81.50","82.40","81.00","81.10","0.5000","179"
"1150226","6757","台灣虎航","1070818","68680172","63.70","64.60","63.60","64.00","0.3000","1109"
"1150226","6768","志強-KY","360739","36342488","101.00","102.00","100.00","100.50","-0.5000","671"
"1150226","6770","力積電","322304137","24760862793","76.80","78.90","75.40","76.70","-0.1000","177913"
"1150226","6771","平和環保-創","8010","355508","44.30","44.50","44.30","44.35","-0.2000","7"
"1150226","6776","展碁國際","360573","21006394","58.30","58.90","57.80","58.70","0.5000","362"
"1150226","6781","AES-KY","1774625","2142276695","1205.00","1225.00","1190.00","1205.00","10.0000","4292"
"1150226","6782","視陽","807349","152966636","186.00","193.00","186.00","189.50","8.5000","1259"
"1150226","6789","采鈺","9308335","3068331317","313.00","342.00","309.50","342.00","31.0000","15895"
"1150226","6790","永豐實","329251","13172094","40.30","40.30","39.85","40.15","0.2500","331"
"1150226","6792","詠業","167392","10133658","59.60","61.40","58.80","61.00","1.4000","153"
"1150226","6794","向榮生技","438678","38511214","91.90","92.00","85.00","86.10","-5.9000","437"
"1150226","6796","晉弘","139471","11520874","83.60","83.70","81.90","82.40","-1.1000","198"
"1150226","6799","來頡","406304","33686181","84.90","85.30","81.50","81.80","-1.6000","1020"
"1150226","6805","富世達","3774802","6248293120","1570.00","1710.00","1540.00","1710.00","155.0000","8115"
"1150226","6806","森崴能源","5920214","265947334","46.50","47.10","44.45","44.45","-2.0500","3134"
"1150226","6807","峰源-KY","1292","59819","46.30","46.30","46.30","46.30","0.0000","3"
"1150226","6830","汎銓","3976214","1127601343","279.00","285.00","274.00","285.00","25.5000","2853"
"1150226","6831","邁科","1308630","383452296","297.00","299.50","288.00","290.50","-4.0000","2218"
"1150226","6834","天二科技","260245","8202837","31.85","31.95","31.10","31.45","-0.3500","321"
"1150226","6835","圓裕","246750","9760193","39.15","41.50","38.50","41.50","2.2500","156"
"1150226","6838","台新藥","150315","4238304","28.25","28.50","28.00","28.15","-0.1000","144"
"1150226","6854","錼創科技-KY創","2121144","321010013","149.50","157.00","144.50","151.50","6.5000","2199"
"1150226","6861","睿生光電","471543","53755902","114.00","114.00","114.00","114.00","10.0000","410"
"1150226","6862","三集瑞-KY","2306943","501366744","204.50","225.50","200.00","220.00","15.0000","6286"
"1150226","6863","永道-KY","858535","92213858","108.00","110.00","106.50","107.50","-10.5000","1569"
"1150226","6869","雲豹能源","3734028","408928896","111.00","111.50","107.50","109.50","-4.0000","2696"
"1150226","6873","泓德能源","649450","70985027","111.00","111.00","107.50","109.00","-1.0000","666"
"1150226","6885","全福生技","496631","13832983","28.10","28.20","27.65","27.80","-0.3000","394"
"1150226","6887","寶綠特-KY","69332","3298456","48.00","48.80","47.00","47.20","-1.8000","65"
"1150226","6890","來億-KY","422419","84933637","200.00","203.00","197.50","203.00","5.5000","594"
"1150226","6901","鑽石投資","347099","6018370","17.30","17.50","17.20","17.45","0.1500","378"
"1150226","6902","GOGOLOOK","85343","6492943","77.60","77.60","75.40","75.50","-1.3000","450"
"1150226","6906","現觀科","76672","5810940","75.40","76.70","74.40","75.40","0.6000","84"
"1150226","6909","創控","550405","22979582","41.85","42.40","40.40","41.35","0.2500","482"
"1150226","6914","阜爾運通","74788","10685974","143.50","143.50","142.00","142.50","0.5000","119"
"1150226","6916","華凌","88465","1677358","18.85","19.20","18.70","18.85","0.0000","81"
"1150226","6918","愛派司","21244","1788951","85.20","85.20","83.70","84.10","-1.1000","81"
"1150226","6919","康霈*","5630895","918548086","162.00","166.00","159.50","164.50","3.0000","6499"
"1150226","6921","嘉雨思-創","58156","4676884","80.00","81.70","79.80","80.60","0.3000","45"
"1150226","6923","中台","169369","15658558","93.10","93.20","91.60","92.30","-0.5000","200"
"1150226","6924","榮惠-KY創","13000","834300","63.30","64.90","63.20","64.40","0.3000","10"
"1150226","6928","攸泰科技","111059","5841240","53.30","53.30","52.10","52.70","-0.7000","190"
"1150226","6931","青松健康","48736","2655456","54.40","54.70","54.40","54.50","-0.1000","77"
"1150226","6933","AMAX-KY","225770","32760420","148.00","148.00","143.50","144.50","-2.5000","382"
"1150226","6934","心誠鎂","420667","55532814","125.00","134.50","125.00","130.00","7.5000","466"
"1150226","6936","永鴻生技","163472","5866364","35.80","36.20","35.65","36.10","0.0500","158"
"1150226","6937","天虹","703982","163480182","224.50","236.00","224.00","232.00","8.5000","974"
"1150226","6944","兆聯實業","1455516","1099926186","738.00","774.00","726.00","766.00","38.0000","3900"
"1150226","6949","沛爾生醫-創","644568","439113747","715.00","758.00","621.00","695.00","5.0000","1008"
"1150226","6951","青新-創","204391","15349461","75.50","75.60","74.90","75.20","-0.4000","294"
"1150226","6952","大武山","17107","747478","43.85","43.85","43.65","43.65","-0.1000","27"
"1150226","6955","邦睿生技-創","6580","1121600","170.00","171.00","170.00","171.00","0.0000","10"
"1150226","6957","裕慶-KY","173764","30956983","176.00","184.00","172.50","181.00","5.0000","164"
"1150226","6958","日盛台駿","118449","2096951","18.00","18.00","17.50","17.75","-0.3000","153"
"1150226","6958A","日盛台駿甲特","27000","511300","19.00","19.00","18.90","18.90","-0.1000","19"
"1150226","6962","奕力-KY","4532935","163075781","36.20","36.40","35.50","36.05","-0.1000","2531"
"1150226","6965","中傑-KY","48768","4019295","82.10","82.80","82.00","82.70","0.2000","438"
"1150226","6969","成信實業*-創","70112","2188166","31.10","31.45","31.00","31.20","0.2000","60"
"1150226","6988","威力暘-創","170531","2784549","17.00","18.00","15.80","18.00","0.4500","90"
"1150226","6994","富威電力","576887","49836827","82.50","89.00","82.50","88.60","6.2000","518"
"1150226","7610","聯友金屬-創","748264","238768763","300.00","329.50","300.00","327.00","24.0000","1243"
"1150226","7631","聚賢研發-創","16235","1944542","119.50","121.00","119.50","121.00","1.0000","17"
"1150226","7705","三商餐飲","27430","1061622","38.60","38.90","38.50","38.80","0.2000","62"
"1150226","7711","永擎","492682","119206518","243.50","246.00","236.00","243.00","3.5000","1783"
"1150226","7721","微程式","961872","52589369","53.70","57.20","52.10","55.00","2.0000","1060"
"1150226","7722","LINEPAY","116234","48971199","417.50","425.00","417.50","421.00","5.5000","695"
"1150226","7730","暉盛-創","68603","6854396","99.30","100.00","99.30","100.00","0.0000","32"
"1150226","7732","金興精密","9217","368161","40.00","40.00","39.85","39.85","-0.1000","15"
"1150226","7736","虎山","169475","15185131","89.80","89.80","88.50","89.00","-0.9000","35"
"1150226","7740","熙特爾-創","323582","57921757","180.00","185.00","173.00","185.00","5.0000","909"
"1150226","7749","意騰-KY","625566","279661452","426.50","457.50","425.00","457.00","33.5000","1167"
"1150226","7750","新代","1812354","2431842545","1330.00","1355.00","1310.00","1345.00","45.0000","1995"
"1150226","7765","中華資安","88168","22978054","259.00","264.50","257.50","262.50","4.5000","199"
"1150226","7769","鴻勁","9108250","44174470030","4790.00","4895.00","4680.00","4860.00","45.0000","8128"
"1150226","7780","大研生醫*","4157844","101915471","24.90","24.90","24.40","24.55","-0.3500","2739"
"1150226","7786","東方風能","1135474","182231032","163.00","163.50","159.50","160.00","-2.0000","1920"
"1150226","7788","松川精密","844359","159206393","188.00","192.50","182.00","189.00","1.0000","1799"
"1150226","7791","皇家可口","31153","2132739","68.20","68.60","68.20","68.40","-0.3000","75"
"1150226","7795","長廣","1023106","415613891","410.00","414.00","395.50","412.50","-2.5000","1857"
"1150226","7799","禾榮科","2086066","1154773995","550.00","558.00","539.00","556.00","21.0000","2101"
"1150226","7823","奧義賽博-KY創","121088","10836756","89.50","91.60","88.90","90.90","1.4000","215"
"1150226","8011","台通","1566615","33283919","21.10","21.50","21.05","21.20","0.1000","644"
"1150226","8016","矽創","901946","179417050","198.50","200.50","196.50","199.00","3.0000","2474"
"1150226","8021","尖點","15542614","3998881385","262.00","264.50","250.50","256.00","-8.5000","16912"
"1150226","8028","昇陽半導體","15495974","2913392380","183.00","191.00","180.00","188.00","5.0000","21808"
"1150226","8033","雷虎","3712012","590413250","159.00","161.00","156.00","161.00","2.0000","5584"
"1150226","8039","台虹","22401804","2130491347","90.40","97.00","89.10","97.00","8.8000","15049"
"1150226","8045","達運光電","199820","16470339","81.70","84.20","81.00","81.00","-1.0000","207"
"1150226","8046","南電","29702927","16466360794","548.00","572.00","532.00","555.00","2.0000","30353"
"1150226","8070","長華*","2638460","114780544","43.45","43.95","43.10","43.40","0.3500","1689"
"1150226","8072","陞泰","303533","9596749","31.20","32.05","31.10","31.45","0.2500","292"
"1150226","8081","致新","944823","236261731","246.50","253.00","244.00","248.50","2.5000","1566"
"1150226","8101","華冠","1786","27912","15.70","15.70","15.70","15.70","-0.1000","42"
"1150226","8103","瀚荃","11044088","1135827002","96.80","106.00","94.80","99.90","3.2000","8535"
"1150226","8104","錸寶","5431116","213251196","38.10","40.50","37.00","39.00","1.1000","4642"
"1150226","8105","凌巨","3175935","41250097","12.80","13.15","12.70","13.15","0.4500","1331"
"1150226","8110","華東","22287500","1421036692","63.80","65.10","61.80","65.00","1.5000","13528"
"1150226","8112","至上","9450900","700971338","73.80","75.40","73.10","73.10","-0.8000","6636"
"1150226","8112A","至上甲特","29768","1360691","45.65","45.75","45.65","45.75","0.1000","71"
"1150226","8114","振樺電","1564346","276197044","175.50","178.00","174.00","177.00","1.5000","949"
"1150226","8131","福懋科","10657387","760325512","70.80","72.50","69.60","71.40","0.9000","6118"
"1150226","8150","南茂","121062839","8368991763","65.00","71.50","64.50","71.50","6.5000","54209"
"1150226","8162","微矽電子-創","260415","10152106","38.55","40.15","38.00","39.95","1.8500","222"
"1150226","8163","達方","600058","18720473","31.00","31.40","31.00","31.20","0.2500","610"
"1150226","8201","無敵","83257","1192933","14.45","14.45","14.20","14.40","0.1500","74"
"1150226","8210","勤誠","3903048","3562580505","916.00","925.00","891.00","918.00","9.0000","7234"
"1150226","8213","志超","2938574","113520108","38.35","39.35","37.75","38.70","0.6000","2649"
"1150226","8215","明基材","959351","19744396","21.10","21.10","20.35","20.60","-0.2000","742"
"1150226","8222","寶一","286395","11495749","40.40","40.45","39.80","40.05","-0.0500","345"
"1150226","8249","菱光","2429537","147198042","60.00","61.60","58.90","60.40","0.3000","1767"
"1150226","8261","富鼎","4471845","439977442","97.40","99.70","96.10","98.40","2.9000","4456"
"1150226","8271","宇瞻","6903518","838035497","122.00","124.00","118.00","121.50","2.0000","5114"
"1150226","8341","日友","272184","21394897","78.20","78.90","78.10","78.90","0.7000","525"
"1150226","8367","建新國際","52329","2325629","44.00","44.75","44.00","44.50","0.2000","36"
"1150226","8374","羅昇","302236","26504491","86.30","88.80","86.30","87.10","0.9000","371"
"1150226","8404","百和興業-KY","578711","13503957","23.75","23.75","23.15","23.20","-0.4000","614"
"1150226","8411","福貞-KY","65699","815727","12.45","12.50","12.30","12.50","0.1000","98"
"1150226","8422","可寧衛*","29265935","1024792269","34.75","35.50","34.30","34.95","0.5000","14218"
"1150226","8429","金麗-KY","177863","1312542","7.46","7.46","7.36","7.37","0.0000","289"
"1150226","8438","昶昕","7421340","506577140","64.60","69.40","64.10","69.40","6.3000","3700"
"1150226","8442","威宏-KY","101084","6745370","67.00","67.60","66.50","66.80","-0.6000","299"
"1150226","8443","阿瘦","69066","803382","11.55","11.80","11.55","11.80","0.0500","200"
"1150226","8454","富邦媒","731082","141843313","191.00","198.00","191.00","192.50","1.5000","5402"
"1150226","8462","柏文","169215","24148468","143.50","144.00","142.00","143.00","-0.5000","467"
"1150226","8463","潤泰材","79579","2168839","27.25","27.40","27.20","27.30","-0.0500","145"
"1150226","8464","億豐","18465070","7458798201","413.50","415.50","400.00","403.50","-16.0000","3290"
"1150226","8466","美吉吉-KY","32245","719982","22.40","22.60","22.20","22.50","0.0500","29"
"1150226","8467","波力-KY","40659","7006003","173.50","174.50","171.00","171.00","-3.5000","1125"
"1150226","8473","山林水","790166","30625752","38.45","39.10","38.05","38.80","0.7000","800"
"1150226","8476","台境*","764008","15152482","19.35","20.15","19.35","19.95","0.6000","429"
"1150226","8478","東哥遊艇","145711","25014171","171.00","173.00","170.00","171.00","-1.0000","523"
"1150226","8481","政伸","16030","671304","41.50","41.95","41.50","41.85","0.0500","21"
"1150226","8482","商億-KY","17243","950386","54.70","55.50","54.70","55.50","1.4000","41"
"1150226","8487","愛爾達-創","18303","1506296","82.30","82.40","82.20","82.40","0.1000","122"
"1150226","8488","吉源-KY","6013","60726","10.15","10.15","10.00","10.10","0.0000","8"
"1150226","8499","鼎炫-KY","70535","20258921","283.00","291.00","283.00","288.00","5.0000","125"
"1150226","8926","台汽電","1145716","53726824","47.00","47.15","46.60","46.95","-0.0500","1190"
"1150226","8940","新天地","91899","1799092","19.80","19.80","19.45","19.50","-0.3000","208"
"1150226","8996","高力","412819","374526298","911.00","933.00","879.00","879.00","-32.0000","926"
"1150226","9103","美德醫療-DR","4431412","26149537","5.90","6.05","5.76","5.85","0.3000","1642"
"1150226","910322","康師傅-DR","22911","614324","26.75","27.00","26.75","26.85","0.1500","45"
"1150226","9105","泰金寶-DR","27531436","171658815","6.24","6.33","6.16","6.16","0.0600","4583"
"1150226","910861","神州-DR","71308","371338","5.17","5.24","5.15","5.22","-0.0200","48"
"1150226","9110","越南控-DR","19000","59410","3.23","3.23","3.07","3.23","0.2000","15"
"1150226","911608","明輝-DR","32755","91312","2.75","2.81","2.75","2.80","0.0500","25"
"1150226","911622","泰聚亨-DR","37000","147620","3.97","4.04","3.97","4.00","0.0100","11"
"1150226","911868","同方友友-DR","400099","510916","1.28","1.29","1.27","1.28","0.0000","56"
"1150226","912000","晨訊科-DR","983615","2622671","2.69","2.69","2.65","2.67","-0.0100","191"
"1150226","9136","巨騰-DR","134330","1001070","7.51","7.52","7.37","7.43","-0.0800","58"
"1150226","9802","鈺齊-KY","669426","63385320","95.00","95.80","94.20","94.20","-0.6000","645"
"1150226","9902","台火","376468","6312786","16.70","16.90","16.60","16.70","0.1500","194"
"1150226","9904","寶成","8237932","254694423","30.85","31.10","30.75","31.05","0.2500","4334"
"1150226","9905","大華","167536","3465556","20.70","20.80","20.60","20.75","0.1500","178"
"1150226","9906","欣巴巴","229016","9419636","41.70","41.85","40.75","40.85","-0.3000","254"
"1150226","9907","統一實","3822528","73142145","19.35","19.50","18.95","18.95","-0.5500","2522"
"1150226","9908","大台北","165942","4977065","30.10","30.10","29.90","30.05","0.0500","308"
"1150226","9910","豐泰","47374801","4448211819","95.00","97.80","93.20","93.80","-1.2000","4884"
"1150226","9911","櫻花","507474","43686114","85.80","86.50","85.40","86.40","0.4000","846"
"1150226","9912","偉聯","41088","497055","12.00","12.20","12.00","12.20","0.1000","160"
"1150226","9914","美利達","3026859","228629454","76.90","77.00","75.00","75.20","-1.0000","2670"
"1150226","9917","中保科","687005","72812283","106.00","106.50","105.50","106.00","0.0000","702"
"1150226","9918","欣天然","28475","1156629","41.10","41.10","40.05","41.00","0.1000","60"
"1150226","9919","康那香","436733","7213627","16.55","16.60","16.45","16.55","0.0000","355"
"1150226","9921","巨大","2228518","182373458","82.60","82.90","81.20","81.70","-0.9000","2651"
"1150226","9924","福興","84846","4061322","48.00","48.05","47.65","48.05","-0.0500","158"
"1150226","9925","新保","245831","10049811","40.95","40.95","40.85","40.85","-0.1000","246"
"1150226","9926","新海","24955","1247861","49.95","50.10","49.95","50.10","0.1500","35"
"1150226","9927","泰銘","83526","5839827","69.90","70.30","69.70","70.00","0.1000","132"
"1150226","9928","中視","13232","240256","18.35","18.35","18.00","18.10","0.1000","18"
"1150226","9929","秋雨","36449","374152","10.45","10.50","10.10","10.10","-0.5000","34"
"1150226","9930","中聯資源","180628","12963510","71.30","72.10","71.20","72.00","1.1000","344"
"1150226","9931","欣高","9238","323174","35.15","35.20","35.00","35.20","0.0500","19"
"1150226","9933","中鼎","5653931","177883179","31.25","31.75","31.10","31.30","0.0500","2608"
"1150226","9934","成霖","646936","6427472","9.90","9.99","9.89","9.93","0.0100","692"
"1150226","9935","慶豐富","379449","7212585","19.00","19.20","18.85","19.10","0.1000","431"
"1150226","9937","全國","59783","3505466","58.90","58.90","58.50","58.90","0.1000","78"
"1150226","9938","百和","1650524","84970387","51.90","51.90","51.10","51.50","-0.4000","1293"
"1150226","9939","宏全","1794693","217335563","123.00","123.00","119.50","122.00","-1.5000","2092"
"1150226","9940","信義","517593","11442961","22.05","22.30","21.95","22.05","0.0500","358"
"1150226","9941","裕融","1723303","127374902","73.60","74.40","73.30","73.90","0.5000","2684"
"1150226","9941A","裕融甲特","27110","1363097","50.30","50.30","50.20","50.30","0.0000","31"
"1150226","9942","茂順","186687","22145517","117.50","119.50","117.00","119.00","2.0000","249"
"1150226","9943","好樂迪","110368","6524264","59.50","59.50","59.00","59.20","-0.2000","174"
"1150226","9944","新麗","34003","572400","16.75","16.95","16.75","16.80","-0.1500","91"
"1150226","9945","潤泰新","6041840","178724761","29.50","29.80","29.40","29.50","0.0000","3092"
"1150226","9946","三發地產","491156","8252031","16.85","16.95","16.65","16.80","0.1500","241"
"1150226","9955","佳龍","551833","18588959","33.80","33.95","33.55","33.60","-0.1500","448"
"1150226","9958","世紀鋼","1639192","210425586","131.50","131.50","127.50","127.50","-3.0000","1804"
