日期,證券代號,證券名稱,成交股數,成交金額,開盤價,最高價,最低價,收盤價,漲跌價差,成交筆數
"1150225","0050","元大台灣50","167423484","13565896459","80.35","81.80","80.25","81.10","1.7000","141615"
"1150225","0051","元大中型100","122249","13644487","111.05","112.20","111.00","112.10","1.6000","668"
"1150225","0052","富邦科技","83893897","4053535506","48.85","48.85","47.90","48.38","1.1000","41939"
"1150225","0053","元大電子","24167","4321871","176.45","180.00","176.45","179.40","4.0500","225"
"1150225","0055","元大MSCI金融","311153","10591030","34.28","34.28","33.85","34.00","-0.1900","596"
"1150225","0056","元大高股息","86681622","3471568092","39.81","40.30","39.81","40.05","0.3300","38717"
"1150225","0057","富邦摩台","29630","7060391","237.55","238.95","237.15","238.80","4.7500","157"
"1150225","0061","元大寶滬深","521089","12400751","23.75","23.94","23.68","23.87","0.1200","240"
"1150225","006203","元大MSCI台灣","8828","1293285","145.90","147.00","145.90","146.70","2.8500","131"
"1150225","006204","永豐臺灣加權","21549","3882450","179.05","182.00","179.05","180.70","3.0000","110"
"1150225","006205","富邦上証","383708","15899338","41.22","41.66","41.10","41.46","0.2400","291"
"1150225","006206","元大上證50","618897","23540002","37.81","38.18","37.68","37.98","0.1700","163"
"1150225","006207","復華滬深","195668","6253340","31.75","32.03","31.75","31.94","0.1900","125"
"1150225","006208","富邦台50","6394505","1199493432","185.75","189.40","185.75","187.75","3.7500","14098"
"1150225","00625K","富邦上証+R","","","","","","","0.0000",""
"1150225","00631L","元大台灣50正2","5873894","3120920179","528.55","542.00","521.00","533.90","19.6000","15185"
"1150225","00632R","元大台灣50反1","124940176","1685587599","13.58","13.63","13.36","13.44","-0.2400","18702"
"1150225","00633L","富邦上証正2","3683270","173760656","46.83","47.76","46.61","47.22","0.4200","843"
"1150225","00634R","富邦上証反1","88000","287420","3.28","3.28","3.23","3.26","-0.0200","11"
"1150225","00635U","期元大S&P黃金","6883877","377733533","54.70","55.00","54.60","54.95","0.0500","5418"
"1150225","00636","國泰中國A50","718794","19162183","26.56","26.87","26.51","26.67","0.1000","285"
"1150225","00636K","國泰中國A50+U","200","1722","8.61","8.61","8.61","8.61","0.1100","2"
"1150225","00637L","元大滬深300正2","40441962","781657415","19.33","19.57","19.11","19.36","0.1500","4090"
"1150225","00638R","元大滬深300反1","90038","628844","7.05","7.05","6.97","6.97","-0.0900","18"
"1150225","00639","富邦深100","1006342","15756852","15.56","15.73","15.52","15.68","0.1200","391"
"1150225","00640L","富邦日本正2","1054688","102511472","96.60","98.60","96.35","98.50","1.9500","363"
"1150225","00641R","富邦日本反1","2153770","8712835","4.07","4.07","4.01","4.02","-0.0300","93"
"1150225","00642U","期元大S&P石油","6569337","114960047","17.49","17.55","17.41","17.42","-0.2100","1070"
"1150225","00643","群益深証中小","3157536","57761688","18.15","18.37","18.11","18.32","0.1400","241"
"1150225","00643K","群益深証中小+R","1000","3980","3.98","3.98","3.98","3.98","0.0000","1"
"1150225","00645","富邦日本","559299","30057523","54.00","54.10","53.45","54.10","0.1000","545"
"1150225","00646","元大S&P500","3686286","250584976","68.05","68.15","67.85","67.90","0.0500","5590"
"1150225","00647L","元大S&P500正2","97017","11270483","116.15","116.45","115.85","115.85","0.7500","132"
"1150225","00648R","元大S&P500反1","550002","2383338","4.35","4.35","4.33","4.34","-0.0100","62"
"1150225","00650L","復華香港正2","6128109","114462820","18.65","18.77","18.51","18.70","0.3200","725"
"1150225","00651R","復華香港反1","220590","1122834","5.09","5.11","5.08","5.08","-0.0600","29"
"1150225","00652","富邦印度","398071","14479909","36.42","36.45","36.30","36.44","0.0200","426"
"1150225","00653L","富邦印度正2","239759","13131695","54.35","55.10","54.35","54.90","0.5500","94"
"1150225","00654R","富邦印度反1","98202","624990","6.41","6.41","6.35","6.37","-0.0600","14"
"1150225","00655L","國泰中國A50正2","2576357","84202957","32.24","32.95","32.13","32.55","0.2800","410"
"1150225","00656R","國泰中國A50反1","151500","936045","6.24","6.24","6.16","6.19","-0.0500","8"
"1150225","00657","國泰日經225","54542","3760681","68.30","69.55","68.30","69.40","1.6000","121"
"1150225","00657K","國泰日經225+U","200","4420","22.10","22.10","22.10","22.10","0.5400","2"
"1150225","00660","元大歐洲50","22848","1020294","44.62","44.77","44.58","44.62","0.0200","109"
"1150225","00661","元大日經225","191764","14452749","75.10","76.15","74.90","76.15","1.9000","295"
"1150225","00662","富邦NASDAQ","2810617","283432713","101.10","101.10","100.55","100.60","0.2500","4045"
"1150225","00663L","國泰臺灣加權正2","11931724","827494960","68.60","70.85","68.10","69.90","2.7500","5481"
"1150225","00664R","國泰臺灣加權反1","30844518","67404358","2.20","2.21","2.16","2.18","-0.0500","1696"
"1150225","00665L","富邦恒生國企正2","19257542","209808356","10.89","10.96","10.82","10.87","0.1100","1881"
"1150225","00666R","富邦恒生國企反1","32300","280911","8.72","8.72","8.66","8.68","-0.0900","11"
"1150225","00668","國泰美國道瓊","172352","9677604","56.20","56.30","56.05","56.15","0.1000","121"
"1150225","00668K","國泰美國道瓊+U","200","3592","17.96","17.96","17.96","17.96","0.1400","2"
"1150225","00669R","國泰美國道瓊反1","446621","2493540","5.60","5.60","5.57","5.59","-0.0300","70"
"1150225","00670L","富邦NASDAQ正2","1734643","268890937","154.90","155.60","154.25","154.70","1.9500","1472"
"1150225","00671R","富邦NASDAQ反1","4296736","12416844","2.90","2.90","2.88","2.90","-0.0200","262"
"1150225","00673R","期元大S&P原油反1","7367421","178703055","24.28","24.35","24.16","24.32","0.2100","784"
"1150225","00674R","期元大S&P黃金反1","1741202","8331514","4.82","4.82","4.77","4.77","-0.0300","174"
"1150225","00675L","富邦臺灣加權正2","2925410","614983620","208.30","214.50","206.30","211.15","7.6500","3482"
"1150225","00676R","富邦臺灣加權反1","8945132","66359356","7.49","7.49","7.36","7.39","-0.1600","898"
"1150225","00678","群益那斯達克生技","235404","8571390","36.57","36.57","36.38","36.41","0.0100","190"
"1150225","00680L","元大美債20正2","31603915","238490921","7.57","7.57","7.53","7.54","0.0200","1415"
"1150225","00681R","元大美債20反1","96246","1950511","20.26","20.28","20.26","20.27","-0.0400","13"
"1150225","00682U","期元大美元指數","1650","33092","20.09","20.09","20.09","20.09","-0.0300","5"
"1150225","00683L","期元大美元指正2","67521","1387101","20.57","20.57","20.54","20.54","-0.0200","11"
"1150225","00684R","期元大美元指反1","102096","1589372","15.56","15.58","15.56","15.57","0.0000","13"
"1150225","00685L","群益臺灣加權正2","1273728","240588642","188.50","192.70","185.65","190.05","6.9000","1266"
"1150225","00686R","群益臺灣加權反1","12122141","16113858","1.35","1.35","1.31","1.33","-0.0300","384"
"1150225","00688L","國泰20年美債正2","15724940","118514397","7.55","7.56","7.52","7.53","0.0200","702"
"1150225","00689R","國泰20年美債反1","52205","1098925","21.04","21.06","21.04","21.06","-0.0400","7"
"1150225","00690","兆豐藍籌30","750437","41796927","55.95","56.20","55.25","55.85","1.1500","672"
"1150225","00692","富邦公司治理","2093869","148885073","70.45","71.75","70.45","70.95","1.3500","1991"
"1150225","00693U","期街口S&P黃豆","2157604","47093424","21.59","21.86","21.59","21.86","0.3200","431"
"1150225","00700","富邦恒生國企","301288","5521873","18.28","18.45","18.22","18.29","0.0800","176"
"1150225","00701","國泰股利精選30","1713326","51800730","30.22","30.38","30.09","30.15","-0.1700","1060"
"1150225","00702","國泰標普低波高息","118457","2908888","24.55","24.56","24.53","24.55","0.0100","94"
"1150225","00703","台新MSCI中國","250109","5349668","21.25","21.69","21.25","21.39","0.1600","85"
"1150225","00706L","期元大S&P日圓正2","1847061","37822204","20.53","20.55","20.41","20.47","-0.1300","432"
"1150225","00707R","期元大S&P日圓反1","1000","31190","31.19","31.19","31.19","31.19","0.1300","1"
"1150225","00708L","期元大S&P黃金正2","3651301","448404498","121.65","123.30","121.35","123.30","0.7500","2512"
"1150225","00709","富邦歐洲","131968","5238588","39.67","39.75","39.60","39.74","0.0700","190"
"1150225","00710B","復華彭博非投等債","347644","6586602","18.94","18.97","18.93","18.95","-0.0600","107"
"1150225","00711B","復華彭博新興債","220208","3648178","16.60","16.63","16.52","16.52","-0.1200","92"
"1150225","00712","復華富時不動產","45556470","419537908","9.23","9.23","9.20","9.20","-0.0300","9264"
"1150225","00713","元大台灣高息低波","14865424","799712316","53.65","54.00","53.60","53.85","0.2000","8691"
"1150225","00714","群益道瓊美國地產","172953","3666796","21.27","21.27","21.17","21.17","-0.1000","111"
"1150225","00715L","期街口布蘭特正2","16397738","446875345","26.97","27.46","26.97","27.05","-0.4600","1853"
"1150225","00717","富邦美國特別股","159998","2425809","15.18","15.18","15.16","15.16","-0.0300","200"
"1150225","00728","第一金工業30","208575","9357066","44.81","45.15","44.70","44.80","0.5500","407"
"1150225","00730","富邦臺灣優質高息","561333","13115936","23.24","23.49","23.20","23.38","0.0000","439"
"1150225","00731","復華富時高息低波","888977","67125256","75.50","75.75","75.15","75.20","-0.0500","423"
"1150225","00733","富邦臺灣中小","2799456","152924475","55.30","55.70","53.95","54.55","0.0000","1970"
"1150225","00735","國泰臺韓科技","5671057","412285467","73.00","73.20","72.10","73.10","1.3000","2799"
"1150225","00736","國泰新興市場","163124","4901520","30.02","30.09","30.00","30.01","0.1200","91"
"1150225","00737","國泰AI機器人","280198","9763883","34.56","34.93","34.56","34.81","0.4200","297"
"1150225","00738U","期元大道瓊白銀","13359363","968941663","71.35","73.20","71.30","73.05","2.0500","7287"
"1150225","00739","元大MSCI A股","102080","2821746","27.54","27.80","27.33","27.75","0.2400","142"
"1150225","00752","中信中國50","2731700","70000519","25.68","25.76","25.57","25.57","-0.0900","1170"
"1150225","00753L","中信中國50正2","16991851","204503019","12.04","12.13","11.96","12.02","0.1100","2040"
"1150225","00757","統一FANG+","3925808","413374497","105.40","105.50","105.05","105.10","-0.1500","9857"
"1150225","00762","元大全球AI","479853","39364657","82.15","82.40","81.80","81.90","-0.1000","900"
"1150225","00763U","期街口道瓊銅","1559104","50759241","32.38","32.66","32.38","32.58","0.3100","954"
"1150225","00770","國泰北美科技","786454","40558158","51.60","51.70","51.45","51.50","0.1000","1120"
"1150225","00771","元大US高息特別股","93313","1530713","16.46","16.46","16.38","16.40","-0.0400","99"
"1150225","00775B","新光投等債15+","81152","2672356","32.93","32.93","32.93","32.93","0.0000","12"
"1150225","00783","富邦中証500","194425","5689594","29.00","29.49","29.00","29.49","0.5000","155"
"1150225","00830","國泰費城半導體","12157850","707824149","58.20","58.40","58.05","58.15","0.5500","9665"
"1150225","00850","元大臺灣ESG永續","1626393","108831862","66.10","67.50","66.10","67.20","1.6000","1855"
"1150225","00851","台新全球AI","87868","4859498","55.30","55.35","55.20","55.25","0.1500","110"
"1150225","00852L","國泰美國道瓊正2","1475093","46321139","31.43","31.48","31.29","31.40","0.2600","136"
"1150225","00861","元大全球未來通訊","182690","12331213","67.10","67.75","67.10","67.45","0.7000","857"
"1150225","00865B","國泰US短期公債","2688283","127025428","47.33","47.39","47.20","47.22","-0.1800","933"
"1150225","00875","國泰網路資安","504542","17681607","34.96","35.15","34.93","34.98","0.0200","285"
"1150225","00876","元大全球5G","570690","38137219","66.00","66.95","66.00","66.85","1.3000","898"
"1150225","00878","國泰永續高股息","146735389","3522467564","23.98","24.10","23.94","24.00","0.0700","52022"
"1150225","00881","國泰台灣科技龍頭","26104066","991936801","37.66","38.35","37.61","38.09","1.0000","12994"
"1150225","00882","中信中國高股息","8517398","138911986","16.25","16.36","16.23","16.24","0.0600","2677"
"1150225","00885","富邦越南","4885729","91873909","18.82","18.91","18.73","18.78","-0.0200","1825"
"1150225","00891","中信關鍵半導體","56740044","1463701299","25.70","25.97","25.58","25.92","0.5000","13872"
"1150225","00892","富邦台灣半導體","1447636","40256506","27.56","27.99","27.53","27.96","0.4700","588"
"1150225","00893","國泰智能電動車","2689295","94638732","34.96","35.26","34.96","35.17","0.8000","1237"
"1150225","00894","中信小資高價30","2533377","86148316","33.55","34.31","33.55","34.18","0.8900","1474"
"1150225","00895","富邦未來車","999245","42466262","42.20","42.60","42.20","42.50","0.5900","703"
"1150225","00896","中信綠能及電動車","2194153","49206617","22.20","22.62","22.20","22.53","0.3900","1043"
"1150225","00897","富邦基因免疫生技","1359330","13906139","10.19","10.25","10.19","10.19","0.0900","407"
"1150225","00898","國泰基因免疫革命","846055","7051430","8.30","8.36","8.29","8.31","0.0800","303"
"1150225","00899","FT潔淨能源","286742","6737026","23.50","23.55","23.46","23.47","0.0100","458"
"1150225","00900","富邦特選高股息30","16091356","239502305","14.90","14.93","14.82","14.89","0.0000","3658"
"1150225","00901","永豐智能車供應鏈","831103","26159201","31.01","31.72","31.01","31.60","0.8800","334"
"1150225","00902","中信電池及儲能","10672611","161147882","14.90","15.26","14.90","15.24","0.4800","2730"
"1150225","00903","富邦元宇宙","315657","5087453","16.02","16.14","16.02","16.07","0.1000","240"
"1150225","00904","新光臺灣半導體30","10320850","310787603","30.95","30.95","29.85","30.13","0.4200","3049"
"1150225","00905","FT臺灣Smart","2062308","42226846","20.33","20.65","20.33","20.56","0.3900","1235"
"1150225","00907","永豐優息存股","1363041","21506527","15.77","15.83","15.70","15.76","0.0000","469"
"1150225","00908","富邦入息REITs+","352178","5026797","14.31","14.31","14.25","14.25","-0.0600","321"
"1150225","00909","國泰數位支付服務","5569997","213183704","38.00","38.58","37.90","38.36","1.4600","3517"
"1150225","00910","第一金太空衛星","2197977","121343689","55.20","55.50","55.05","55.40","0.9500","5653"
"1150225","00911","兆豐洲際半導體","282063","10857628","38.36","38.56","38.36","38.44","0.2400","2275"
"1150225","00912","中信臺灣智慧50","600098","15437341","25.32","25.88","25.32","25.75","0.6000","405"
"1150225","00913","兆豐台灣晶圓製造","4243591","136828203","32.16","33.00","31.87","33.00","1.1900","1560"
"1150225","00915","凱基優選高股息30","11112499","275003092","24.70","24.84","24.61","24.64","-0.0800","3222"
"1150225","00916","國泰全球品牌50","470748","12208707","25.85","26.00","25.85","25.91","0.1000","454"
"1150225","00917","中信特選金融","2414110","50664828","21.10","21.18","20.95","20.98","-0.1000","1704"
"1150225","00918","大華優利高填息30","38115471","905539703","23.66","23.86","23.65","23.73","0.1100","8860"
"1150225","00919","群益台灣精選高息","140315781","3408360077","24.29","24.38","24.20","24.27","-0.0300","39931"
"1150225","00920","富邦ESG綠色電力","1849622","40688406","21.53","22.07","21.53","22.01","0.5500","1138"
"1150225","00921","兆豐龍頭等權重","1793690","34482881","19.11","19.35","19.07","19.28","0.2700","765"
"1150225","00922","國泰台灣領袖50","13063937","414653204","31.57","32.00","31.42","31.76","0.6300","5366"
"1150225","00923","群益台ESG低碳50","57018397","1844359917","32.13","32.64","32.06","32.49","0.8300","14885"
"1150225","00924","復華S&P500成長","3898047","110600710","28.48","28.50","28.31","28.32","-0.0200","3557"
"1150225","00926","凱基全球菁英55","3332407","78558982","23.58","23.62","23.52","23.58","0.0800","677"
"1150225","00927","群益半導體收益","15892138","409047286","25.88","25.88","25.62","25.75","0.0600","4126"
"1150225","00929","復華台灣科技優息","96530054","1929868088","20.03","20.13","19.89","19.98","0.1400","14855"
"1150225","00930","永豐ESG低碳高息","5269039","97581701","18.45","18.58","18.45","18.45","0.1100","954"
"1150225","00932","兆豐永續高息等權","1590053","24178768","15.27","15.28","15.16","15.18","-0.0400","608"
"1150225","00934","中信成長高股息","4412122","100014554","22.68","22.74","22.58","22.66","-0.0200","1555"
"1150225","00935","野村臺灣新科技50","10607462","419840726","39.77","39.98","39.22","39.73","0.8800","4143"
"1150225","00936","台新永續高息中小","14663982","264169414","17.97","18.06","17.88","18.03","0.0000","2588"
"1150225","00938","凱基優選30","1789154","35226995","19.64","19.84","19.57","19.70","0.1200","293"
"1150225","00939","統一台灣高息動能","13525717","221021204","16.30","16.41","16.23","16.33","0.0300","2665"
"1150225","00940","元大台灣價值高息","247751145","2458892199","9.87","9.96","9.87","9.92","0.0500","25819"
"1150225","00941","中信上游半導體","2457924","56045373","22.73","22.84","22.73","22.82","0.2800","1298"
"1150225","00943","兆豐電子高息等權","841334","12874485","15.34","15.38","15.26","15.27","0.0100","184"
"1150225","00944","野村趨勢動能高息","1118021","17333785","15.49","15.55","15.45","15.49","0.0700","470"
"1150225","00945B","凱基美國非投等債","20359906","294971898","14.52","14.52","14.45","14.47","-0.0900","2957"
"1150225","00946","群益科技高息成長","11342321","117832963","10.41","10.46","10.34","10.37","0.0200","1592"
"1150225","00947","台新臺灣IC設計","10745975","262317008","24.65","24.75","24.15","24.45","-0.1900","4085"
"1150225","00949","復華日本龍頭","2448701","48991188","19.99","20.15","19.95","20.14","0.0800","1048"
"1150225","00951","台新日本半導體","8957556","136689701","15.11","15.37","15.11","15.36","0.4700","1560"
"1150225","00952","凱基台灣AI50","3152545","41427202","13.00","13.23","13.00","13.22","0.3200","872"
"1150225","00953B","群益優選非投等債","83854000","807767007","9.67","9.67","9.62","9.63","-0.0500","15310"
"1150225","00954","中信日本半導體","5821736","95101388","16.17","16.42","16.17","16.42","0.4300","1133"
"1150225","00956","中信日經高股息","999885","12948073","13.04","13.04","12.92","12.98","-0.0700","424"
"1150225","00960","野村全球航運龍頭","2334003","39283131","16.79","16.85","16.78","16.83","0.1500","724"
"1150225","00961","FT臺灣永續高息","2742861","28612465","10.41","10.48","10.38","10.42","0.0800","784"
"1150225","00962","台新AI優息動能","916917","10637206","11.52","11.65","11.52","11.63","0.0000","299"
"1150225","00963","中信全球高股息","2295384","28692670","12.49","12.52","12.48","12.48","0.0000","385"
"1150225","00964","中信亞太高股息","2025838","28374078","14.00","14.04","13.95","14.00","0.1100","390"
"1150225","00965","元大航太防衛科技","9163912","236854180","26.00","26.00","25.80","25.86","-0.1300","5145"
"1150225","00971","野村美國研發龍頭","1278734","19419213","15.15","15.24","15.15","15.17","0.0300","510"
"1150225","00972","野村日本動能高息","472250","9728766","20.66","20.66","20.56","20.62","-0.0700","138"
"1150225","009800","中信NASDAQ","3424427","37419701","10.95","10.97","10.90","10.91","0.0200","1124"
"1150225","009801","中信美國創新科技","1472110","15423636","10.50","10.52","10.45","10.46","0.0000","604"
"1150225","009802","富邦旗艦50","6187982","84564510","13.52","13.80","13.52","13.70","0.2700","1020"
"1150225","009803","保德信市值動能50","2351957","38332924","16.09","16.49","16.09","16.37","0.4400","616"
"1150225","009804","聯邦台精彩50","1034794","18405539","17.54","17.96","17.54","17.79","0.3900","322"
"1150225","009805","新光美國電力基建","22948361","348487805","15.13","15.21","15.13","15.19","0.3400","5517"
"1150225","009808","華南永昌優選50","2091167","50102697","23.71","24.18","23.71","24.03","0.5500","263"
"1150225","009809","富邦淨零ESG50","2400090","31051931","12.93","13.02","12.88","12.91","0.1300","103"
"1150225","00980A","主動野村臺灣優選","22529540","400694442","17.65","17.95","17.59","17.90","0.4500","5460"
"1150225","009810","保德信全球藍籌","660327","12343067","18.70","18.73","18.66","18.68","0.0000","126"
"1150225","009811","統一美國50","4860863","55414334","11.44","11.44","11.38","11.39","-0.0100","2114"
"1150225","009812","野村日本東證","7161316","86712361","12.10","12.23","12.07","12.18","-0.0500","934"
"1150225","009813","貝萊德標普卓越50","9391434","95906212","10.20","10.24","10.19","10.21","0.0100","2678"
"1150225","009816","凱基台灣TOP50","744517479","8505471259","11.36","11.56","11.31","11.45","0.2700","151715"
"1150225","009817","國泰日本不動產","8436707","84633269","10.05","10.06","10.02","10.04","-0.0100","1283"
"1150225","00981A","主動統一台股增長","92704752","1833896433","19.57","20.05","19.40","20.02","0.6800","27394"
"1150225","00981T","平衡凱基雙核收息","6516484","75270220","11.55","11.57","11.53","11.54","0.0400","751"
"1150225","00982A","主動群益台灣強棒","82756201","1378187239","16.59","16.78","16.43","16.76","0.3400","18946"
"1150225","00982D","主動富邦動態入息","2674232","27265179","10.27","10.27","10.17","10.18","0.0000","340"
"1150225","00982T","平衡兆豐台美動能","2477459","29696407","11.92","12.06","11.91","12.03","0.2100","215"
"1150225","00983A","主動中信ARK創新","3074771","33155133","10.82","10.82","10.75","10.76","0.0700","1289"
"1150225","00983D","主動富邦複合收益","2524904","25934272","10.31","10.31","10.25","10.26","0.0000","388"
"1150225","00984A","主動安聯台灣高息","9155243","115889264","12.70","12.73","12.58","12.67","0.1000","1987"
"1150225","00984D","主動聯博全球非投","11949172","118828495","9.97","10.00","9.91","9.92","-0.0500","1533"
"1150225","00985A","主動野村台灣50","9351862","152051968","16.25","16.38","16.11","16.35","0.3300","2589"
"1150225","00985B","群益ESG投等債0-5","14803626","152268951","10.30","10.31","10.27","10.28","-0.0400","1131"
"1150225","00986A","主動台新龍頭成長","805335","9865304","12.24","12.28","12.23","12.24","0.0500","309"
"1150225","00987A","主動台新優勢成長","5235155","60010949","11.47","11.57","11.33","11.54","0.2300","899"
"1150225","00988A","主動統一全球創新","55745739","732482780","13.25","13.25","13.08","13.15","0.1300","12085"
"1150225","00989A","主動摩根美國科技","1306075","18414731","14.11","14.18","14.06","14.07","0.0300","526"
"1150225","00990A","主動元大AI新經濟","44663687","562290669","12.58","12.64","12.48","12.63","0.1800","6420"
"1150225","00991A","主動復華未來50","106230391","1359792206","13.00","13.01","12.70","12.84","0.0900","18945"
"1150225","00992A","主動群益科技創新","28224203","355646091","12.63","12.73","12.47","12.73","0.3000","4970"
"1150225","00993A","主動安聯台灣","59744858","635848413","10.69","10.72","10.58","10.66","0.0600","7335"
"1150225","00994A","主動第一金台股優","3753211","44367890","11.89","11.94","11.72","11.94","0.1900","699"
"1150225","00995A","主動中信台灣卓越","12711305","145017469","11.25","11.52","11.22","11.50","0.3100","1837"
"1150225","01001T","土銀富邦R1","207753","2472140","11.90","11.90","11.88","11.88","-0.0200","11"
"1150225","01002T","土銀國泰R1","96000","1401600","14.60","14.65","14.55","14.55","-0.0500","22"
"1150225","01004T","土銀富邦R2","17000","185470","10.91","10.91","10.91","10.91","0.0000","3"
"1150225","01007T","兆豐國泰R2","150000","2061780","13.74","13.75","13.73","13.73","-0.0200","11"
"1150225","01009T","王道圓滿R1","950000","5371400","5.70","5.76","5.64","5.66","-0.1100","73"
"1150225","01010T","京城樂富R1","101511","1018690","10.02","10.05","10.02","10.05","0.0000","14"
"1150225","020000","富邦特選蘋果N","","","","","","","0.0000",""
"1150225","020011","統一微波高息20N","","","","","","","0.0000",""
"1150225","020012","富邦行動通訊N","1000","17770","17.77","17.77","17.77","17.77","0.0000","1"
"1150225","02001L","富邦蘋果正二N","27000","2059100","75.00","77.65","75.00","76.05","3.0500","23"
"1150225","02001R","富邦蘋果反一N","264000","179700","0.69","0.69","0.68","0.68","-0.0200","15"
"1150225","020020","元大台股領航N","89000","1676030","18.85","18.90","18.80","18.84","0.4100","6"
"1150225","020028","元大特選電動車N","65000","983880","14.80","15.29","14.80","15.17","0.4200","12"
"1150225","020029","元大ESG高股息N","51000","555390","10.86","10.90","10.86","10.90","0.0600","5"
"1150225","020030","統一智慧電動車N","38000","420420","11.05","11.10","11.04","11.10","0.3500","8"
"1150225","020031","統一IC設計臺灣N","18000","123560","6.86","6.87","6.86","6.87","0.0700","2"
"1150225","020032","元大綠能N","20000","179000","8.95","8.95","8.95","8.95","0.2300","1"
"1150225","020034","元大IC設計N","12000","103920","8.67","8.68","8.65","8.68","0.0300","5"
"1150225","020036","元大金融配息N","1000","7980","7.98","7.98","7.98","7.98","0.0000","1"
"1150225","020037","元大金融高股息N","1000","8890","8.89","8.89","8.89","8.89","0.0000","1"
"1150225","020038","元大ESG配息N","4000","33640","8.41","8.42","8.39","8.39","0.0200","4"
"1150225","020039","元大加權N","71000","794770","11.11","11.22","11.11","11.19","0.1900","15"
"1150225","1101","台泥","24756817","655530459","26.45","26.65","26.25","26.55","0.1000","9353"
"1150225","1101B","台泥乙特","456","20660","","","","","0.0000","6"
"1150225","1102","亞泥","10270784","368171201","35.70","36.05","35.65","35.80","0.1000","4063"
"1150225","1103","嘉泥","709835","9980732","14.15","14.15","13.95","14.15","0.0500","387"
"1150225","1104","環泥","1321129","39669270","30.10","30.30","29.80","30.15","0.2000","600"
"1150225","1108","幸福","156948","2385208","15.25","15.25","15.15","15.25","0.0000","106"
"1150225","1109","信大","165450","2612920","15.80","15.85","15.70","15.85","0.1000","185"
"1150225","1110","東泥","145398","2398252","16.60","16.70","16.35","16.45","-0.1500","87"
"1150225","1201","味全","602774","8768121","14.65","14.65","14.45","14.55","-0.1000","470"
"1150225","1203","味王","37627","1538080","40.45","41.00","40.45","41.00","0.6000","143"
"1150225","1210","大成","1587268","81236226","51.30","51.40","51.00","51.10","-0.2000","1619"
"1150225","1213","大飲","1327","13060","9.74","9.74","9.74","9.74","0.0000","5"
"1150225","1215","卜蜂","821436","123764466","150.50","152.00","149.00","151.00","0.5000","928"
"1150225","1216","統一","12335755","920911124","74.60","75.00","74.30","74.70","0.7000","6759"
"1150225","1217","愛之味","591296","6234437","10.65","10.65","10.50","10.55","-0.1000","533"
"1150225","1218","泰山","941107","17209799","18.35","18.40","18.20","18.25","-0.1500","480"
"1150225","1219","福壽","285299","3865029","13.65","13.65","13.50","13.60","-0.0500","234"
"1150225","1220","台榮","128059","1671537","13.05","13.10","13.00","13.10","0.0500","366"
"1150225","1225","福懋油","161270","4714325","29.20","29.45","28.85","29.40","0.2500","320"
"1150225","1227","佳格","932218","28086710","30.20","30.30","30.00","30.20","0.0500","763"
"1150225","1229","聯華","3494962","156041229","44.90","44.95","44.50","44.65","-0.2500","4127"
"1150225","1231","聯華食","1955776","173121870","90.40","90.40","87.70","87.90","-2.5000","5012"
"1150225","1232","大統益","79298","11979896","151.00","151.50","150.50","151.50","0.0000","238"
"1150225","1233","天仁","38610","1277615","32.85","33.50","32.75","33.50","0.9000","65"
"1150225","1234","黑松","180386","6715663","37.25","37.40","37.10","37.25","-0.0500","306"
"1150225","1235","興泰","23289","1016073","42.35","44.05","42.35","44.00","1.6500","41"
"1150225","1236","宏亞","68335","1787783","26.05","26.30","25.80","26.30","0.1000","97"
"1150225","1256","鮮活果汁-KY","46923","7326320","156.00","157.50","155.00","155.50","-1.5000","530"
"1150225","1301","台塑","106167338","5521795840","49.25","53.40","49.00","53.40","4.8000","48295"
"1150225","1303","南亞","164199594","15354709961","92.20","95.40","89.00","94.90","4.1000","98137"
"1150225","1304","台聚","8544066","107101583","12.35","12.75","12.20","12.75","0.4500","2845"
"1150225","1305","華夏","6634770","82182620","12.10","12.85","12.00","12.80","0.7500","2527"
"1150225","1307","三芳","4135476","148486688","34.55","36.65","34.55","36.15","2.2000","2794"
"1150225","1308","亞聚","2621145","37354802","14.10","14.40","14.05","14.35","0.3500","1194"
"1150225","1309","台達化","3190820","39973700","12.25","12.70","12.25","12.70","0.4500","1323"
"1150225","1310","台苯","4749858","43511458","9.06","9.33","9.02","9.33","0.2800","1643"
"1150225","1312","國喬","11986255","166417600","13.95","14.10","13.55","14.05","0.4500","4197"
"1150225","1312A","國喬特","49000","1115750","22.80","22.85","22.65","22.85","0.0500","17"
"1150225","1313","聯成","5386826","59875022","11.00","11.35","10.90","11.30","0.3000","1790"
"1150225","1314","中石化","30327236","252409905","8.52","8.58","8.21","8.32","-0.1400","8160"
"1150225","1315","達新","29376","1915994","65.00","65.60","65.00","65.60","0.2000","39"
"1150225","1316","上曜","1810570","25146203","14.00","14.00","13.80","13.85","-0.1500","811"
"1150225","1319","東陽","4027374","402655349","103.00","103.50","98.90","99.70","-2.3000","3326"
"1150225","1321","大洋","98699","3308340","33.40","33.65","33.30","33.65","0.0000","74"
"1150225","1323","永裕","37471","697404","18.70","18.70","18.45","18.65","-0.0500","45"
"1150225","1324","地球","125361","1334579","10.70","10.85","10.45","10.70","0.0000","178"
"1150225","1325","恆大","454490","13279028","29.15","29.40","28.90","29.25","0.2000","391"
"1150225","1326","台化","85759716","4141724862","45.70","49.20","45.40","49.20","4.4500","31975"
"1150225","1337","再生-KY","1323198","7318513","5.53","5.65","5.39","5.56","0.2900","741"
"1150225","1338","廣華-KY","396981","7339283","18.85","18.95","18.25","18.55","-0.4000","567"
"1150225","1339","昭輝","61087","2659930","43.45","44.00","43.30","43.60","-0.4500","166"
"1150225","1340","勝悅-KY","312115","2237505","7.10","7.29","7.02","7.29","0.1900","322"
"1150225","1341","富林-KY","11134","689913","62.00","62.60","60.90","62.60","0.7000","15"
"1150225","1342","八貫","506357","51944618","103.00","103.50","102.00","103.00","0.0000","1363"
"1150225","1402","遠東新","13662921","387179202","28.25","28.55","28.05","28.45","0.2500","5514"
"1150225","1409","新纖","4109130","64075556","15.55","15.70","15.40","15.65","0.1000","1517"
"1150225","1410","南染","85667","2843165","33.30","33.95","33.00","33.50","0.1500","71"
"1150225","1413","宏洲","32788","326957","9.89","10.15","9.85","10.15","0.1800","27"
"1150225","1414","東和","237388","4722924","19.85","20.00","19.75","20.00","0.1000","485"
"1150225","1416","廣豐","160181","1880059","11.70","11.80","11.70","11.75","0.0500","265"
"1150225","1417","嘉裕","144101","1265251","8.85","8.86","8.72","8.82","0.0100","222"
"1150225","1418","東華","35388","680781","19.10","19.45","19.05","19.45","0.1500","83"
"1150225","1419","新紡","318367","21355704","68.60","68.80","66.70","66.80","-1.4000","350"
"1150225","1423","利華","106636","4048894","38.00","38.35","37.80","38.20","-0.0500","79"
"1150225","1432","大魯閣","1026512","18495052","18.50","18.50","17.75","18.00","-0.5000","1145"
"1150225","1434","福懋","5155436","93934574","17.95","18.50","17.85","18.45","0.5500","2470"
"1150225","1435","中福","24724","584133","22.50","23.80","22.50","23.80","0.8000","64"
"1150225","1436","華友聯","323190","19055005","59.10","59.80","58.20","59.10","0.0000","490"
"1150225","1437","勤益控","205348","6762170","32.75","33.25","32.65","33.20","0.4500","129"
"1150225","1438","三地開發","86892","3039878","35.00","35.50","34.20","35.40","0.4000","134"
"1150225","1439","雋揚","138000","4033600","29.55","29.65","29.00","29.30","-0.2500","53"
"1150225","1440","南紡","1464781","19588479","13.40","13.55","13.30","13.40","0.0000","779"
"1150225","1441","大東","31980","321158","10.00","10.15","10.00","10.15","0.0000","135"
"1150225","1442","名軒","230582","6652412","29.00","29.20","28.65","28.90","0.0000","232"
"1150225","1443","立益物流","17019","468912","27.20","27.70","27.20","27.70","0.2000","33"
"1150225","1444","力麗","850225","5423621","6.44","6.45","6.33","6.40","0.0200","525"
"1150225","1445","大宇","210397","3176266","14.80","15.50","14.60","15.20","0.3000","104"
"1150225","1446","宏和","600769","9745325","16.55","16.55","16.10","16.15","-0.3500","311"
"1150225","1447","力鵬","696219","3814328","5.50","5.52","5.45","5.48","-0.0200","338"
"1150225","1449","佳和","489353","5322599","11.05","11.05","10.80","10.85","-0.0500","525"
"1150225","1451","年興","252708","4622717","18.30","18.50","18.10","18.50","0.2000","184"
"1150225","1452","宏益","223243","2573859","11.65","11.65","11.45","11.60","0.0000","191"
"1150225","1453","大將","97964","1293438","13.10","13.45","13.05","13.30","0.2000","191"
"1150225","1454","台富","50217","707584","14.35","14.35","13.95","14.10","-0.0500","133"
"1150225","1455","集盛","868498","7310532","8.49","8.51","8.39","8.43","-0.0600","482"
"1150225","1456","怡華","42310","560721","13.00","13.35","12.95","13.35","0.3500","38"
"1150225","1457","宜進","197859","3169565","15.85","16.10","15.85","16.10","0.2500","159"
"1150225","1459","聯發","1334967","17073322","12.90","13.10","12.50","12.50","0.5500","1525"
"1150225","1460","宏遠","804799","5434408","6.85","6.85","6.70","6.79","-0.0700","356"
"1150225","1463","強盛新","64703","1183610","18.25","18.40","18.15","18.40","0.0000","255"
"1150225","1464","得力","571766","6303162","11.05","11.05","11.00","11.00","-0.0500","463"
"1150225","1465","偉全","57662","720105","12.50","12.55","12.40","12.50","0.0000","194"
"1150225","1466","聚隆","1076596","19540546","17.80","18.55","17.75","18.15","0.4000","590"
"1150225","1467","南緯","80199","601120","7.53","7.54","7.46","7.50","0.0500","91"
"1150225","1468","昶和","52000","694450","13.30","13.45","13.25","13.45","0.1000","39"
"1150225","1470","大統新創","8120","190846","23.35","23.70","23.30","23.70","0.0000","11"
"1150225","1471","首利","1411234","17309476","11.65","12.40","11.55","12.40","1.1000","579"
"1150225","1472","三洋實業","15294","1376164","89.90","90.40","89.50","90.40","0.3000","19"
"1150225","1473","台南","188567","4747823","25.65","25.80","25.00","25.30","-0.3500","316"
"1150225","1474","弘裕","60248","621422","10.35","10.35","10.25","10.30","0.0000","105"
"1150225","1475","業旺","47037","1442147","30.95","30.95","30.40","30.80","0.1500","36"
"1150225","1476","儒鴻","973061","413036680","430.00","431.50","420.50","424.00","-8.0000","1194"
"1150225","1477","聚陽","1688110","543595537","320.00","325.00","317.50","320.00","1.5000","2829"
"1150225","1503","士電","10327116","2368332361","227.00","235.00","223.00","227.50","3.5000","10676"
"1150225","1504","東元","17146516","1420570235","81.80","84.30","81.60","82.60","0.9000","12563"
"1150225","1506","正道","406396","4706233","11.80","11.80","11.50","11.65","-0.1500","208"
"1150225","1512","瑞利","217945","1698774","7.91","7.91","7.71","7.81","-0.1700","184"
"1150225","1513","中興電","12302087","2107693990","169.00","173.50","168.50","170.50","2.5000","10234"
"1150225","1514","亞力","21223545","2742361395","124.50","132.50","123.00","130.50","7.5000","16501"
"1150225","1515","力山","339976","8966636","26.75","27.00","26.15","27.00","0.3500","243"
"1150225","1516","川飛","22257","464604","20.85","21.05","20.80","21.05","0.2000","134"
"1150225","1517","利奇","274286","3290423","11.90","12.10","11.90","12.10","0.2000","252"
"1150225","1519","華城","7231634","7334916561","965.00","1050.00","962.00","1050.00","94.0000","17062"
"1150225","1521","大億","29257","789201","26.60","27.10","26.60","27.10","0.0500","62"
"1150225","1522","堤維西","1346268","58735919","44.00","44.20","43.40","43.55","-0.4500","1226"
"1150225","1522A","堤維西甲特","9000","449900","49.95","50.00","49.95","50.00","0.0000","8"
"1150225","1524","耿鼎","1079186","33390305","31.30","31.70","30.70","30.75","-0.3500","810"
"1150225","1525","江申","28109","1791854","64.30","64.30","62.80","64.00","0.2000","28"
"1150225","1526","日馳","104377","2060802","20.00","20.00","19.60","19.80","0.1000","172"
"1150225","1527","鑽全","341345","11568123","34.35","34.35","33.75","33.85","-0.4500","443"
"1150225","1528","恩德","12394792","296937943","25.15","25.30","23.15","23.45","-1.7000","7673"
"1150225","1529","樂事綠能","9706076","257624261","24.70","27.15","24.70","26.55","1.8500","4652"
"1150225","1530","亞崴","26743","774323","29.05","29.10","28.85","29.10","0.1500","97"
"1150225","1531","高林股","99551","1235624","12.60","12.60","12.35","12.45","-0.1500","133"
"1150225","1532","勤美","606904","14720322","24.35","24.35","24.20","24.20","-0.1000","393"
"1150225","1533","車王電","105148","3213621","30.55","30.85","30.35","30.85","0.1000","117"
"1150225","1535","中宇","281295","14219769","49.80","51.20","49.80","51.10","2.5000","358"
"1150225","1536","和大","1723357","106163081","63.40","63.50","61.00","61.20","-1.5000","1850"
"1150225","1537","廣隆","65048","8095772","124.50","125.00","124.00","125.00","0.0000","341"
"1150225","1538","正峰","102036","2568220","25.50","25.50","23.00","23.80","-1.6500","51"
"1150225","1539","巨庭","111106","2010731","18.25","18.25","18.00","18.10","-0.1500","68"
"1150225","1540","喬福","356160","8574049","24.50","24.60","23.85","23.85","-0.7000","368"
"1150225","1541","錩泰","60004","1497354","25.65","25.65","24.70","25.00","-0.2500","45"
"1150225","1558","伸興","31987","3162676","98.00","101.00","98.00","98.90","-1.0000","146"
"1150225","1560","中砂","3118472","1536288721","498.00","501.00","482.00","494.50","-3.5000","4899"
"1150225","1563","巧新","736477","32455362","44.90","44.90","43.55","43.85","-1.0500","806"
"1150225","1568","倉佑","122451","2774990","22.80","23.00","22.60","22.65","-0.1500","189"
"1150225","1582","信錦","877352","61374814","70.80","71.00","69.60","70.00","0.1000","958"
"1150225","1583","程泰","40317","1986325","49.45","49.45","49.00","49.40","0.0000","71"
"1150225","1587","吉茂","708182","31428538","45.55","45.55","44.00","44.15","-0.9500","712"
"1150225","1589","永冠-KY","224467","3086240","13.75","13.75","13.75","13.75","-1.5000","500"
"1150225","1590","亞德客-KY","824962","982241684","1205.00","1210.00","1180.00","1190.00","5.0000","906"
"1150225","1597","直得","394743","31061555","80.50","80.60","78.00","78.00","-2.3000","473"
"1150225","1598","岱宇","565211","10685866","19.30","19.30","18.80","18.95","-0.3500","374"
"1150225","1603","華電","520648","20040566","38.50","38.80","38.15","38.50","0.2000","410"
"1150225","1604","聲寶","309594","7491905","24.40","24.40","24.05","24.30","-0.1000","381"
"1150225","1605","華新","50769962","1835933012","36.95","37.10","35.80","36.10","-0.7000","25729"
"1150225","1608","華榮","4095772","148629781","36.85","37.10","35.70","36.10","-0.5000","3669"
"1150225","1609","大亞","4974381","202363177","40.95","41.10","40.25","40.90","0.2500","4149"
"1150225","1611","中電","573299","7555517","13.35","13.35","13.10","13.15","-0.1500","583"
"1150225","1612","宏泰","1692675","60275853","36.10","36.20","35.45","35.55","-0.5500","1003"
"1150225","1614","三洋電","53641","1858540","34.75","34.75","34.50","34.75","0.0500","44"
"1150225","1615","大山","198501","9587720","48.30","48.70","47.95","48.65","0.3500","304"
"1150225","1616","億泰","1051972","30615724","29.00","29.35","28.60","29.25","0.2500","674"
"1150225","1617","榮星","165869","2653567","16.15","16.25","15.85","15.95","-0.0500","149"
"1150225","1618","合機","1264726","57473640","45.60","45.90","44.85","45.50","0.2000","1037"
"1150225","1623","大東電","856413","198915928","218.00","240.50","217.00","240.50","21.5000","1584"
"1150225","1626","艾美特-KY","124295","1369850","11.15","11.15","10.95","11.10","-0.0500","210"
"1150225","1702","南僑","316813","12077174","38.40","38.40","38.00","38.15","-0.0500","509"
"1150225","1707","葡萄王","88875","10943161","124.00","124.00","122.50","123.50","0.0000","288"
"1150225","1708","東鹼","2269790","81339175","35.45","36.10","35.10","36.00","0.4000","1441"
"1150225","1709","和益","531316","8918245","16.80","16.85","16.70","16.80","0.0500","356"
"1150225","1710","東聯","2817171","38222876","13.80","13.90","13.30","13.55","0.0000","1012"
"1150225","1711","永光","72390789","1975136646","29.05","29.20","25.80","26.80","-1.0000","30702"
"1150225","1712","興農","247144","11272580","45.60","45.75","45.50","45.60","-0.1500","358"
"1150225","1713","國化","303880","14471926","47.60","47.95","47.50","47.50","0.0000","272"
"1150225","1714","和桐","11254480","109130857","9.49","9.93","9.49","9.93","0.4800","3483"
"1150225","1717","長興","30992961","1939142783","63.80","63.80","61.20","62.80","-0.3000","18325"
"1150225","1718","中纖","5611661","40227678","7.18","7.22","7.10","7.22","0.0900","1711"
"1150225","1720","生達","1385907","89048219","62.90","65.10","62.90","64.70","3.3000","1410"
"1150225","1721","三晃","2590552","47741582","19.15","19.15","18.10","18.50","-0.7500","2685"
"1150225","1722","台肥","1884303","89079413","47.05","47.50","47.05","47.15","0.1000","1489"
"1150225","1723","中碳","482790","34883984","73.10","73.10","71.80","72.50","-0.7000","763"
"1150225","1725","元禎","44184","1239179","27.95","28.35","27.85","28.00","0.1000","56"
"1150225","1726","永記","30506","2355254","77.40","77.50","76.80","77.40","0.2000","75"
"1150225","1727","中華化","5994031","289030292","47.95","49.00","47.50","47.75","0.0000","3861"
"1150225","1730","花仙子","125934","6722443","53.50","53.60","53.10","53.50","0.0000","156"
"1150225","1731","美吾華","122060","2680563","21.95","22.00","21.95","22.00","0.0000","85"
"1150225","1732","毛寶","379331","10440042","27.40","27.70","27.40","27.70","0.3500","235"
"1150225","1733","五鼎","134161","4080191","30.80","30.80","30.35","30.40","-0.1000","214"
"1150225","1734","杏輝","263729","8107232","30.80","30.90","30.65","30.70","-0.1500","1381"
"1150225","1735","日勝化","184776","3172720","17.75","17.75","16.95","17.15","-0.3000","234"
"1150225","1736","喬山","254709","35376004","139.50","140.00","138.00","140.00","1.0000","413"
"1150225","1737","臺鹽","172116","5442307","31.75","31.75","31.50","31.75","0.0000","334"
"1150225","1752","南光","67226","2477394","36.75","36.95","36.75","36.95","-0.0500","84"
"1150225","1760","寶齡富錦","147647","9365590","63.50","64.00","62.90","63.10","0.2000","258"
"1150225","1762","中化生","57730","1576437","27.05","27.50","27.00","27.40","0.3500","210"
"1150225","1773","勝一","1817495","282715349","157.50","160.50","153.00","155.00","-1.0000","2742"
"1150225","1776","展宇","58864","897314","15.20","15.60","15.05","15.35","0.1500","61"
"1150225","1783","和康生","68785","3081443","44.85","45.00","44.60","44.75","0.0000","129"
"1150225","1786","科妍","282248","20869093","74.60","74.70","73.20","74.10","0.0000","350"
"1150225","1789","神隆","1117781","24250734","21.55","22.05","21.45","21.95","0.4500","772"
"1150225","1795","美時","4141801","1186353722","289.50","291.00","283.50","284.50","-3.0000","5568"
"1150225","1802","台玻","306161234","17935654105","59.40","62.00","56.10","61.30","4.5000","139675"
"1150225","1805","寶徠","45357","524631","11.75","11.75","11.45","11.60","0.1000","47"
"1150225","1806","冠軍","364226","3242937","8.96","8.97","8.86","8.97","0.0300","313"
"1150225","1808","潤隆","1605890","49379213","31.05","31.15","30.50","30.65","-0.3500","1754"
"1150225","1809","中釉","2539166","62127073","25.00","25.00","24.10","24.25","-0.5000","1548"
"1150225","1810","和成","1291140","24901006","19.75","19.80","19.05","19.25","-0.2500","839"
"1150225","1817","凱撒衛","66799","2594409","38.90","38.95","38.70","38.95","0.0500","79"
"1150225","1903","士紙","222473","11949334","54.10","54.10","53.50","53.70","-0.4000","212"
"1150225","1904","正隆","970226","18188719","18.85","18.85","18.55","18.80","0.0000","1474"
"1150225","1905","華紙","3459862","43544493","12.70","12.90","12.45","12.55","-0.1500","1664"
"1150225","1906","寶隆","78281","928702","12.00","12.00","11.80","11.90","-0.1000","176"
"1150225","1907","永豐餘","807432","21203645","26.35","26.35","26.15","26.25","-0.2000","635"
"1150225","1909","榮成","2530097","25296464","10.00","10.05","9.93","10.05","0.0500","1026"
"1150225","2002","中鋼","100937430","2119549406","20.70","21.25","20.50","21.25","0.5500","30186"
"1150225","2002A","中鋼特","76272","2951272","38.80","38.80","38.65","38.70","-0.1000","36"
"1150225","2006","東和鋼鐵","1919696","140633277","72.60","73.70","72.30","73.40","0.7000","1879"
"1150225","2007","燁興","466753","3938050","8.34","8.49","8.34","8.49","0.1400","273"
"1150225","2008","高興昌","46288","1371694","29.10","30.00","29.10","30.00","0.3000","46"
"1150225","2009","第一銅","2647239","123304599","47.00","47.40","46.20","46.35","-0.2000","2241"
"1150225","2010","春源","1077037","24552702","22.85","22.90","22.65","22.90","0.1500","618"
"1150225","2012","春雨","65783","1123955","17.10","17.20","17.00","17.15","-0.0500","214"
"1150225","2013","中鋼構","464682","20036329","42.60","43.45","42.60","43.05","0.7000","669"
"1150225","2014","中鴻","15468701","285929801","18.10","18.80","18.00","18.80","0.8000","5998"
"1150225","2015","豐興","314448","21325882","68.10","68.30","67.40","67.70","-0.4000","461"
"1150225","2017","官田鋼","1877603","16911435","8.88","9.15","8.88","9.02","0.1900","822"
"1150225","2020","美亞","484497","11815357","24.20","24.55","24.20","24.55","0.3500","453"
"1150225","2022","聚亨","619412","5630531","9.15","9.16","9.05","9.12","-0.0300","465"
"1150225","2023","燁輝","2675826","39374912","14.75","14.85","14.60","14.80","0.0500","1122"
"1150225","2024","志聯","17011","279114","16.40","16.55","16.40","16.40","0.0000","145"
"1150225","2025","千興","382372","4596880","12.20","12.25","11.90","12.15","0.0500","208"
"1150225","2027","大成鋼","15265396","568996788","37.20","37.55","36.90","37.50","0.3000","6033"
"1150225","2028","威致","104437","2007387","19.20","19.40","19.05","19.30","0.0500","88"
"1150225","2029","盛餘","166416","3602032","21.65","21.85","21.50","21.80","0.2000","136"
"1150225","2030","彰源","1496799","24826532","16.30","16.80","16.30","16.65","0.6000","733"
"1150225","2031","新光鋼","863029","34240531","39.45","40.05","39.10","40.00","0.5500","754"
"1150225","2032","新鋼","884723","14700697","16.30","16.85","16.30","16.55","0.4500","486"
"1150225","2033","佳大","334345","5531788","16.45","16.70","16.45","16.60","0.1500","152"
"1150225","2034","允強","1897586","39609876","20.80","21.15","20.60","21.00","0.3500","964"
"1150225","2038","海光","826507","12647325","15.15","15.40","15.10","15.35","0.3000","426"
"1150225","2049","上銀","5335395","1207822753","234.00","234.00","223.00","225.00","-8.5000","7861"
"1150225","2059","川湖","1819558","6039071295","3260.00","3415.00","3210.00","3360.00","235.0000","11471"
"1150225","2062","橋椿","333303","7195293","21.90","22.00","21.40","21.45","-0.3000","223"
"1150225","2069","運錩","307210","5833868","19.00","19.20","18.85","19.00","-0.0500","221"
"1150225","2101","南港","1480944","53418210","35.75","36.35","35.70","36.00","0.2500","1070"
"1150225","2102","泰豐","1310801","26830241","20.20","20.70","20.10","20.70","0.5000","664"
"1150225","2103","台橡","65364243","1351286642","21.55","21.55","19.10","20.80","1.2000","17214"
"1150225","2104","國際中橡","33512890","464116373","14.00","14.80","13.10","13.70","0.1500","8809"
"1150225","2105","正新","29652392","905934456","30.85","31.15","30.40","30.45","-0.3500","13852"
"1150225","2106","建大","613542","12384450","20.35","20.40","20.05","20.25","-0.1000","608"
"1150225","2107","厚生","253912","6522463","25.60","25.90","25.55","25.70","0.1000","279"
"1150225","2108","南帝","2268947","61976221","26.85","27.85","26.80","27.35","0.0000","1532"
"1150225","2109","華豐","146644","2207035","15.15","15.20","15.00","15.10","0.0000","133"
"1150225","2114","鑫永銓","64796","5804445","89.50","89.90","89.40","89.50","0.1000","70"
"1150225","2115","六暉-KY","143564","3485790","24.20","24.50","24.15","24.35","0.0500","97"
"1150225","2201","裕隆","4434988","135544007","30.30","30.95","30.10","30.80","0.5000","2490"
"1150225","2204","中華","976459","57879566","59.30","59.90","58.90","59.20","-0.1000","1581"
"1150225","2206","三陽工業","1301006","79175309","61.20","61.30","60.40","60.70","-0.6000","2101"
"1150225","2207","和泰車","415816","232405934","559.00","562.00","554.00","557.00","-2.0000","1359"
"1150225","2208","台船","7142929","172338839","24.45","24.50","23.95","24.10","-0.2000","3920"
"1150225","2211","長榮鋼","800293","82097691","104.00","104.00","102.00","102.50","-1.5000","480"
"1150225","2227","裕日車","46573","2559817","55.50","55.50","54.50","55.20","-0.3000","96"
"1150225","2228","劍麟","197802","18829882","95.70","95.90","94.80","95.30","0.0000","253"
"1150225","2231","為升","655261","63570353","95.80","98.70","95.00","98.50","3.6000","723"
"1150225","2233","宇隆","1085832","250433731","236.00","236.00","228.00","229.00","-5.0000","1499"
"1150225","2236","百達-KY","330998","37896809","116.50","116.50","113.00","115.00","-1.0000","311"
"1150225","2239","英利-KY","106873","2923349","28.45","28.45","27.25","27.80","0.4000","95"
"1150225","2241","艾姆勒","283353","8370534","29.75","29.80","29.30","29.50","-0.2500","391"
"1150225","2243","宏旭-KY","213438","2580657","12.20","12.20","12.00","12.05","-0.1000","105"
"1150225","2247","汎德永業","279662","75270861","272.50","272.50","267.50","269.00","-4.5000","719"
"1150225","2248","華勝-KY","16019","781815","49.30","49.30","48.50","49.15","-0.1500","16"
"1150225","2250","IKKA-KY","68311","4836999","71.20","71.40","70.40","70.70","-0.3000","198"
"1150225","2254","巨鎧精密-創","64197","3895156","60.30","61.50","60.30","61.50","1.2000","37"
"1150225","2258","鴻華先進-創","541039","21214220","39.40","39.50","39.00","39.25","-0.0500","515"
"1150225","2301","光寶科","30447331","5863121094","197.00","200.00","188.00","192.00","-1.5000","47841"
"1150225","2302","麗正","928304","17505618","18.70","19.30","18.55","18.65","0.0500","453"
"1150225","2303","聯電","150052359","10033305111","69.30","69.30","65.30","65.50","-2.0000","83783"
"1150225","2305","全友","571593","7585199","13.25","13.45","13.20","13.30","0.0500","358"
"1150225","2308","台達電","14709013","21095841245","1425.00","1480.00","1380.00","1435.00","50.0000","37054"
"1150225","2312","金寶","32196668","819581760","25.70","26.10","25.00","25.25","-0.2500","13636"
"1150225","2313","華通","102743885","21934314603","227.50","231.00","206.50","209.50","-16.0000","98709"
"1150225","2314","台揚","196782","4103930","21.15","21.15","20.75","20.80","0.4000","384"
"1150225","2316","楠梓電","8181262","834935974","100.00","106.50","97.30","102.50","4.2000","7470"
"1150225","2317","鴻海","168289021","40771218065","235.00","247.00","234.50","246.50","14.5000","164175"
"1150225","2321","東訊","4662","72722","15.60","15.60","15.60","15.60","0.0000","15"
"1150225","2323","中環","15226994","170147148","11.20","11.40","11.00","11.10","0.0500","3357"
"1150225","2324","仁寶","35345290","1064207785","29.80","30.40","29.70","30.10","0.4500","15907"
"1150225","2327","國巨*","37097879","11026639806","306.00","306.50","292.00","300.00","-1.0000","51740"
"1150225","2328","廣宇","5987730","308603189","52.30","52.50","51.00","51.60","-0.6000","4433"
"1150225","2329","華泰","21699938","1210943675","56.40","58.90","54.10","55.60","0.8000","12270"
"1150225","2330","台積電","47398835","95168256834","1995.00","2025.00","1995.00","2015.00","50.0000","145278"
"1150225","2331","精英","8372638","232412455","28.15","28.40","27.50","27.60","-0.5500","4302"
"1150225","2332","友訊","1980377","31190405","15.95","16.00","15.65","15.75","0.0500","1019"
"1150225","2337","旺宏","226366617","25016399878","114.50","117.50","105.50","108.00","-5.5000","132230"
"1150225","2338","光罩","3511508","157139905","44.75","44.75","44.75","44.75","4.0500","1551"
"1150225","2340","台亞","2991547","80527016","27.80","27.80","26.35","26.80","-0.7000","3007"
"1150225","2342","茂矽","1526252","48871960","32.95","33.00","31.45","31.65","-0.7500","1451"
"1150225","2344","華邦電","171060627","20196705975","122.00","124.00","115.00","118.00","-4.0000","103286"
"1150225","2345","智邦","4862429","7087602720","1410.00","1495.00","1405.00","1450.00","45.0000","8436"
"1150225","2347","聯強","6730206","474613882","69.80","71.00","69.50","70.80","1.0000","4820"
"1150225","2348","海悅","321411","23655464","73.70","74.10","73.30","73.50","-0.2000","465"
"1150225","2348A","海悅甲特","6763","254908","37.65","37.70","37.65","37.70","0.0500","6"
"1150225","2349","錸德","29735425","452359292","14.30","15.60","13.90","15.30","1.1000","11312"
"1150225","2351","順德","933429","81569860","88.40","88.70","86.90","87.50","-0.4000","1238"
"1150225","2352","佳世達","4690544","123768710","26.35","26.70","26.20","26.25","-0.0500","3307"
"1150225","2353","宏碁","35237863","960531560","27.15","27.45","26.90","27.35","0.3000","12503"
"1150225","2354","鴻準","9375695","563043731","59.40","60.50","59.40","60.00","1.1000","6254"
"1150225","2355","敬鵬","13314416","550775251","42.90","43.15","40.55","41.05","-0.9000","8636"
"1150225","2356","英業達","31180081","1440648333","45.30","46.75","45.20","46.40","1.4500","16579"
"1150225","2357","華碩","5778458","3053178057","522.00","533.00","521.00","525.00","10.0000","8799"
"1150225","2359","所羅門","1318223","171270807","132.50","132.50","128.50","130.50","0.5000","1524"
"1150225","2360","致茂","3934992","4918357934","1240.00","1270.00","1215.00","1255.00","30.0000","4536"
"1150225","2362","藍天","1063945","42511830","39.50","40.15","39.50","40.05","0.5500","725"
"1150225","2363","矽統","7943079","437603654","56.10","56.60","54.30","54.60","-1.3000","7511"
"1150225","2364","倫飛","137840","8660270","62.50","63.30","62.10","63.10","0.8000","296"
"1150225","2365","昆盈","2996490","111821009","38.20","38.20","36.80","37.00","0.0000","2853"
"1150225","2367","燿華","229013701","14139391069","63.70","66.10","57.80","58.70","-2.5000","121358"
"1150225","2368","金像電","7582416","6355810921","842.00","858.00","822.00","845.00","12.0000","11129"
"1150225","2369","菱生","9393273","259433730","28.10","28.40","27.05","27.45","-0.3000","5264"
"1150225","2371","大同","24435685","903130873","37.45","37.45","36.45","37.00","-0.2000","11702"
"1150225","2373","震旦行","40578","2293601","56.50","56.60","56.20","56.60","0.1000","70"
"1150225","2374","佳能","7263650","584421040","82.20","82.20","79.70","80.40","-1.8000","6962"
"1150225","2375","凱美","2345563","223899870","97.00","97.00","94.00","95.70","0.1000","2269"
"1150225","2376","技嘉","7636947","1795007461","227.00","238.00","227.00","235.00","7.0000","7666"
"1150225","2377","微星","8042822","745121467","91.80","93.40","91.70","92.20","0.6000","6984"
"1150225","2379","瑞昱","2841614","1352619903","476.00","481.50","474.00","474.50","-0.5000","4277"
"1150225","2380","虹光","186395","905386","4.92","4.92","4.84","4.85","-0.0500","157"
"1150225","2382","廣達","49605894","14652320929","285.50","299.00","285.50","297.50","13.5000","42027"
"1150225","2383","台光電","3740810","8982748550","2335.00","2460.00","2315.00","2420.00","110.0000","8944"
"1150225","2385","群光","3316088","411022097","124.00","125.00","123.00","123.50","0.0000","2598"
"1150225","2387","精元","5720809","247094286","41.90","43.30","41.90","43.30","3.9000","2577"
"1150225","2388","威盛","3389765","169184669","51.30","51.30","49.40","49.55","-1.3500","2797"
"1150225","2390","云辰","494755","5065661","10.25","10.35","10.15","10.30","0.1500","427"
"1150225","2392","正崴","2162063","86473351","39.60","40.50","39.10","40.45","0.8500","1698"
"1150225","2393","億光","3721070","219360312","60.00","60.00","58.50","58.80","-1.1000","5021"
"1150225","2395","研華","5146369","1700118064","325.00","334.00","324.50","333.00","9.0000","11631"
"1150225","2397","友通","118565","7325546","61.60","62.10","61.50","61.80","0.3000","116"
"1150225","2399","映泰","1319874","30576525","23.80","23.95","22.80","22.80","-0.6000","970"
"1150225","2401","凌陽","5961283","136588749","23.65","23.65","22.50","22.60","-1.0500","3537"
"1150225","2402","毅嘉","3476847","189714931","55.60","55.60","54.10","54.90","-0.4000","2907"
"1150225","2404","漢唐","4697334","4802571962","990.00","1040.00","985.00","1035.00","55.0000","11783"
"1150225","2405","輔信","1116674","17996215","16.25","16.35","16.00","16.05","-0.1000","682"
"1150225","2406","國碩","29573532","897474789","30.55","31.45","29.70","30.05","-0.4000","16162"
"1150225","2408","南亞科","68339903","19651509022","298.00","298.00","283.00","288.00","-10.0000","78014"
"1150225","2409","友達","514513168","8654588609","16.75","17.60","16.05","16.10","-0.2500","107655"
"1150225","2412","中華電","11403066","1543428430","135.00","136.00","135.00","136.00","0.5000","7327"
"1150225","2413","環科","5167975","284470667","54.70","55.20","53.80","55.20","5.0000","2095"
"1150225","2414","精技","199932","8471071","42.70","42.70","42.20","42.70","0.1500","181"
"1150225","2415","錩新","124328","3429539","28.20","28.25","27.40","27.60","-0.2000","105"
"1150225","2417","圓剛","935674","34212249","37.25","37.45","36.10","36.60","-0.5000","1099"
"1150225","2419","仲琦","2711233","81150842","30.90","31.00","29.45","29.60","-1.3000","2028"
"1150225","2420","新巨","178766","9246658","52.10","52.10","51.40","51.70","-0.1000","511"
"1150225","2421","建準","5794965","881487564","151.00","155.00","147.50","151.50","6.5000","5339"
"1150225","2423","固緯","157782","7789435","49.75","49.85","49.00","49.35","-0.4000","494"
"1150225","2424","隴華","34040","1118093","33.00","33.25","32.65","33.25","0.2500","39"
"1150225","2425","承啟","132285","3711561","28.40","28.40","27.90","28.05","-0.0500","278"
"1150225","2426","鼎元","1459847","28463915","19.80","19.95","19.25","19.40","-0.3000","944"
"1150225","2427","三商電","1055208","28278157","27.10","27.20","26.60","26.60","-0.5000","927"
"1150225","2428","興勤","1399900","262959273","189.00","190.50","185.50","189.50","2.5000","1520"
"1150225","2429","銘旺科","480853","27764300","58.80","59.00","57.10","58.00","-1.5000","756"
"1150225","2430","燦坤","89411","2057276","22.85","23.10","22.85","23.10","0.2000","116"
"1150225","2431","聯昌","4559109","74177619","15.40","16.85","15.40","16.45","1.1000","2550"
"1150225","2432","倚天酷碁-創","141005","3323935","23.90","24.10","23.15","24.10","0.0500","93"
"1150225","2433","互盛電","39056","1843318","47.05","47.40","46.90","47.25","0.2000","38"
"1150225","2434","統懋","26101","785180","30.10","30.50","30.00","30.10","0.0000","22"
"1150225","2436","偉詮電","4361067","261421660","60.70","60.90","59.30","59.90","-0.3000","4697"
"1150225","2438","翔耀","130186","2890155","22.55","22.55","22.05","22.05","-0.5000","185"
"1150225","2439","美律","1796465","177179238","99.50","100.00","98.00","98.40","-0.6000","2015"
"1150225","2440","太空梭","575980","9078451","15.50","16.15","15.30","16.15","0.7000","320"
"1150225","2441","超豐","4182149","388962524","94.40","94.50","92.00","93.20","-0.1000","5123"
"1150225","2442","新美齊","4787465","93773923","20.10","20.20","19.20","19.50","-0.4500","1818"
"1150225","2444","兆勁","568321","7124645","13.00","13.00","12.40","12.45","-0.4500","385"
"1150225","2449","京元電子","18500913","5947306389","333.00","333.00","318.00","320.00","-6.0000","27032"
"1150225","2450","神腦","296649","8877718","30.20","30.20","29.85","29.90","0.1000","292"
"1150225","2451","創見","8194046","1780460897","230.50","230.50","212.00","215.00","-12.5000","9937"
"1150225","2453","凌群","557521","29463205","53.10","53.40","52.60","52.60","-0.4000","485"
"1150225","2454","聯發科","8467982","15700483570","1840.00","1870.00","1830.00","1870.00","45.0000","22508"
"1150225","2455","全新","23110585","4574440389","205.00","207.00","193.00","198.00","-2.0000","22946"
"1150225","2457","飛宏","4415455","134323788","31.10","31.25","30.05","30.30","-0.4000","3802"
"1150225","2458","義隆","1491101","178231736","120.50","121.00","119.00","119.50","0.5000","1371"
"1150225","2459","敦吉","86613","5798766","67.10","67.40","66.80","67.20","-0.6000","340"
"1150225","2460","建通","1909411","55016581","29.55","29.80","28.20","28.50","-0.5000","1555"
"1150225","2461","光群雷","511344","8581421","16.80","16.90","16.70","16.80","0.0500","303"
"1150225","2462","良得電","435785","11116643","25.65","25.95","25.25","25.35","-0.3000","496"
"1150225","2464","盟立","5834270","418101601","73.50","73.50","70.60","71.20","-1.9000","5343"
"1150225","2465","麗臺","458070","24615226","53.50","54.10","53.00","53.10","0.3000","555"
"1150225","2466","冠西電","721866","38089257","54.80","55.40","51.30","51.30","-3.4000","552"
"1150225","2467","志聖","6435921","1855294168","282.50","297.50","279.00","292.00","11.5000","6507"
"1150225","2468","華經","253899","8961567","35.70","35.75","35.00","35.50","-0.2000","250"
"1150225","2471","資通","169969","8435383","49.75","49.85","49.50","49.70","0.1500","239"
"1150225","2472","立隆電","4265415","512783883","121.00","122.50","118.00","122.50","3.0000","3682"
"1150225","2474","可成","2732889","527965550","192.00","195.50","192.00","192.50","0.0000","2148"
"1150225","2476","鉅祥","907670","77203794","85.30","86.10","84.60","84.80","-0.2000","1196"
"1150225","2477","美隆電","258729","6300602","24.30","24.45","24.20","24.45","0.3500","209"
"1150225","2478","大毅","9103500","651277475","70.10","72.40","69.10","72.20","3.0000","8589"
"1150225","2480","敦陽科","384606","55913118","147.00","147.50","144.50","145.00","-2.0000","566"
"1150225","2481","強茂","7323147","641006270","88.60","88.80","86.40","87.70","0.2000","6381"
"1150225","2482","連宇","119531","2145066","18.00","18.05","17.80","18.00","0.0500","177"
"1150225","2483","百容","730170","15847460","21.15","22.10","20.85","22.10","0.9500","543"
"1150225","2484","希華","14300665","437732857","31.25","31.35","30.10","30.80","0.5000","8149"
"1150225","2485","兆赫","49007051","2074505005","43.65","44.90","40.40","42.00","-0.9000","28557"
"1150225","2486","一詮","17495318","2426986379","142.00","142.50","136.00","139.50","-3.5000","12981"
"1150225","2488","漢平","289907","13972320","47.90","48.60","47.75","48.60","0.7000","317"
"1150225","2489","瑞軒","15019039","540685404","36.00","36.00","36.00","36.00","3.2500","7927"
"1150225","2491","吉祥全","282532","4822277","16.90","17.50","16.45","17.15","0.2500","238"
"1150225","2492","華新科","47272551","7334794468","153.00","159.50","151.00","156.00","7.0000","30859"
"1150225","2493","揚博","1700870","195080211","108.50","118.00","107.00","118.00","10.5000","1649"
"1150225","2495","普安","3715387","119991130","33.15","33.55","31.85","31.85","-0.9000","2569"
"1150225","2496","卓越","53537","3699517","69.60","69.70","68.80","69.00","-0.2000","52"
"1150225","2497","怡利電","241567","10990134","46.00","46.30","45.30","45.40","-0.5500","277"
"1150225","2498","宏達電","4149096","188841185","45.60","46.10","45.05","45.15","-0.1000","3037"
"1150225","2501","國建","1407722","31966746","22.65","22.85","22.45","22.75","0.2000","807"
"1150225","2504","國產","1950808","72029377","37.00","37.10","36.70","36.80","0.0000","1424"
"1150225","2505","國揚","248293","4681233","18.95","18.95","18.80","18.85","-0.1000","176"
"1150225","2506","太設","149473","1347928","9.01","9.04","8.98","9.04","0.0300","190"
"1150225","2509","全坤建","243410","3555235","14.70","14.75","14.55","14.70","0.0000","173"
"1150225","2511","太子","1071281","8847828","8.27","8.29","8.23","8.27","0.0100","454"
"1150225","2514","龍邦","83052","1237755","14.90","15.00","14.80","14.90","0.0000","134"
"1150225","2515","中工","83527086","1401873023","18.00","18.00","16.50","16.65","-1.6500","20526"
"1150225","2516","新建","722501","10510280","14.70","14.75","14.30","14.70","0.0000","275"
"1150225","2520","冠德","1139180","35922675","31.55","31.70","31.40","31.60","0.1000","925"
"1150225","2524","京城","111452","4762999","42.75","43.00","42.35","42.85","-0.2500","187"
"1150225","2527","宏璟","543397","16950564","31.00","31.75","30.85","31.10","0.2500","389"
"1150225","2528","皇普","1736055","49411560","27.75","28.75","27.70","28.65","0.9500","764"
"1150225","2530","華建","1249381","33384539","26.00","27.05","26.00","26.95","1.0000","670"
"1150225","2534","宏盛","431947","8593535","19.95","20.05","19.75","20.05","0.2000","387"
"1150225","2535","達欣工","453029","33523036","75.20","75.20","73.40","74.00","-0.6000","1536"
"1150225","2536","宏普","573384","13310344","22.85","23.70","22.75","23.45","0.6000","247"
"1150225","2537","聯上發","754344","7961608","10.60","10.70","10.50","10.55","-0.1000","410"
"1150225","2538","基泰","375402","3995114","10.80","10.80","10.60","10.70","-0.1000","203"
"1150225","2539","櫻花建","732076","36048972","49.50","49.60","48.75","49.25","-0.2500","1472"
"1150225","2540","愛山林","702661","32679547","47.00","47.10","46.20","46.25","-0.8500","2301"
"1150225","2542","興富發","5014099","188450721","37.80","37.90","37.45","37.60","-0.2000","3579"
"1150225","2543","皇昌","1148671","70959557","62.50","62.50","61.40","61.40","-0.7000","1410"
"1150225","2545","皇翔","266038","9972201","37.75","37.85","37.20","37.55","-0.0500","293"
"1150225","2546","根基","131477","11432219","87.00","87.50","86.50","87.10","0.1000","438"
"1150225","2547","日勝生","2041575","22381882","11.10","11.15","10.90","10.95","-0.1500","706"
"1150225","2548","華固","1460507","163946815","111.50","114.00","110.50","113.00","2.0000","1323"
"1150225","2597","潤弘","244492","42794897","174.50","176.00","174.50","174.50","0.5000","353"
"1150225","2601","益航","1358825","7334512","5.41","5.43","5.38","5.41","0.0000","699"
"1150225","2603","長榮","14383160","2764640484","191.50","193.00","190.50","192.00","1.5000","11697"
"1150225","2605","新興","30348535","998822218","31.40","33.70","31.40","32.90","2.0000","13831"
"1150225","2606","裕民","7848001","512358305","64.10","66.00","64.10","64.90","0.9000","5269"
"1150225","2607","榮運","595158","33125601","55.80","56.00","55.40","56.00","0.5000","597"
"1150225","2608","嘉里大榮","778797","24736876","32.00","32.00","31.60","31.75","-0.2500","855"
"1150225","2609","陽明","15068653","844707239","56.30","56.40","55.70","56.30","0.4000","9170"
"1150225","2610","華航","51851519","1098382985","21.40","21.50","21.00","21.10","-0.2000","13967"
"1150225","2611","志信","271780","3936179","14.45","14.55","14.40","14.50","0.0500","458"
"1150225","2612","中航","2999862","191135206","61.90","64.90","61.90","64.40","2.5000","2335"
"1150225","2613","中櫃","357833","8839827","24.60","24.90","24.50","24.65","0.0500","312"
"1150225","2614","東森","652449","13477563","20.85","20.95","20.55","20.60","-0.2500","678"
"1150225","2615","萬海","8011454","611481299","75.80","76.80","75.80","76.40","0.7000","4861"
"1150225","2616","山隆","418566","5628354","13.60","13.60","13.35","13.50","-0.0500","749"
"1150225","2617","台航","969858","29896987","30.60","31.00","30.55","30.75","0.2500","705"
"1150225","2618","長榮航","28903006","1097183123","38.10","38.20","37.85","37.95","-0.0500","9510"
"1150225","2630","亞航","1327279","70458654","53.90","53.90","52.80","53.00","-0.8000","1579"
"1150225","2633","台灣高鐵","5859366","159029278","27.30","27.30","27.10","27.10","-0.2000","2676"
"1150225","2634","漢翔","8126286","453680704","56.80","56.80","55.30","55.50","-1.0000","5362"
"1150225","2636","台驊控股","524814","33747889","64.80","64.90","64.10","64.20","-0.6000","571"
"1150225","2637","慧洋-KY","3584160","261598203","72.00","73.90","72.00","72.20","-0.2000","3466"
"1150225","2642","宅配通","77000","1896105","24.60","25.00","24.45","24.80","0.2000","192"
"1150225","2645","長榮航太","2240821","385230007","174.50","174.50","169.00","174.00","0.0000","6894"
"1150225","2646","星宇航空","7224353","166587767","22.85","23.20","22.85","23.10","0.3000","3989"
"1150225","2701","萬企","95221","1056463","11.05","11.15","11.05","11.15","0.1000","83"
"1150225","2702","華園","60345","727415","12.15","12.15","11.90","12.00","0.0500","90"
"1150225","2704","國賓","250309","10815089","43.25","43.70","42.90","43.50","0.2500","222"
"1150225","2705","六福","189752","3074998","16.20","16.25","16.15","16.20","0.0000","274"
"1150225","2706","第一店","395880","5068384","12.90","12.90","12.70","12.85","-0.0500","240"
"1150225","2707","晶華","131835","24840112","189.00","189.00","188.00","188.00","-0.5000","294"
"1150225","2712","遠雄來","60278","1045424","17.30","17.40","17.30","17.40","0.1000","39"
"1150225","2722","夏都","36290","921190","25.45","25.60","25.10","25.60","0.1500","49"
"1150225","2723","美食-KY","500176","35992918","72.50","72.50","71.50","72.00","-0.6000","481"
"1150225","2727","王品","295100","64296470","219.00","219.50","217.00","217.50","-1.0000","1008"
"1150225","2731","雄獅","950533","165028225","176.50","176.50","172.50","173.00","-3.5000","2240"
"1150225","2739","寒舍","87684","2949524","33.75","33.75","33.55","33.70","-0.0500","197"
"1150225","2748","雲品","147096","6041086","41.10","41.35","40.80","41.35","0.2500","136"
"1150225","2753","八方雲集","156663","28960722","185.00","185.50","184.50","185.00","0.5000","284"
"1150225","2762","世界健身-KY","272784","20964857","78.00","78.40","75.70","76.70","-1.8000","1181"
"1150225","2801","彰銀","23204806","505698178","21.90","21.95","21.65","21.65","-0.2500","8332"
"1150225","2812","台中銀","13216792","277436381","20.85","21.10","20.85","21.00","0.1500","5181"
"1150225","2816","旺旺保","191397","5777618","30.25","30.55","30.00","30.45","0.2000","187"
"1150225","2820","華票","1585021","27233792","17.30","17.35","17.10","17.20","-0.1500","611"
"1150225","2832","台產","247821","12243881","49.90","49.90","49.20","49.55","-0.1000","530"
"1150225","2834","臺企銀","24861599","402134314","16.20","16.25","16.10","16.15","-0.0500","6354"
"1150225","2836","高雄銀","2152332","27247485","12.65","12.70","12.60","12.70","0.1500","767"
"1150225","2836A","高雄銀甲特","33515","803407","23.90","24.00","23.90","24.00","0.0000","45"
"1150225","2838","聯邦銀","2068830","41341127","20.05","20.20","19.85","20.00","-0.0500","1073"
"1150225","2838A","聯邦銀甲特","41004","2235916","54.60","54.60","54.50","54.50","-0.1000","18"
"1150225","2845","遠東銀","9772495","124638843","12.80","12.80","12.70","12.75","-0.0500","2785"
"1150225","2849","安泰銀","230928","3217867","13.90","14.00","13.70","14.00","0.1500","161"
"1150225","2850","新產","300334","34731265","115.50","116.00","115.00","116.00","0.5000","352"
"1150225","2851","中再保","1313337","36229181","27.85","27.85","27.45","27.60","-0.2000","1326"
"1150225","2852","第一保","530733","14531918","27.35","27.45","27.30","27.45","0.1500","296"
"1150225","2855","統一證","11213191","349492450","30.75","31.55","30.70","31.50","0.7500","4186"
"1150225","2867","三商壽","21089913","172739911","8.14","8.24","8.08","8.21","0.0600","3520"
"1150225","2880","華南金","26326624","979865889","37.05","37.60","36.50","37.20","-0.1500","15357"
"1150225","2881","富邦金","28789700","2683788293","94.00","94.00","92.80","92.90","-1.2000","16347"
"1150225","2881A","富邦特","101259","6419911","63.40","63.50","63.40","63.50","0.0000","36"
"1150225","2881B","富邦金乙特","32115","1978054","61.60","61.60","61.60","61.60","-0.1000","17"
"1150225","2881C","富邦金丙特","93689","4879137","52.00","52.20","52.00","52.10","0.0000","68"
"1150225","2882","國泰金","33918115","2623683791","78.20","78.30","76.90","76.90","-1.3000","21952"
"1150225","2882A","國泰特","80958","4916976","60.80","60.80","60.70","60.80","0.0000","36"
"1150225","2882B","國泰金乙特","37226","2233334","60.00","60.00","60.00","60.00","0.0000","28"
"1150225","2883","凱基金","89157092","1868983197","20.85","21.15","20.65","20.90","0.0500","20542"
"1150225","2883B","凱基金乙特","2140859","17157507","8.02","8.03","8.00","8.03","0.0100","617"
"1150225","2884","玉山金","39072681","1360378198","34.60","35.00","34.20","34.95","0.2500","16169"
"1150225","2885","元大金","32767025","1552089947","47.15","47.90","46.70","47.25","-0.2000","14910"
"1150225","2886","兆豐金","20413061","828307406","40.80","40.85","40.35","40.55","-0.2500","14625"
"1150225","2887","台新新光金","75891067","1900063616","25.30","25.40","24.90","24.90","-0.4000","23767"
"1150225","2887E","台新新光戊特一","116277","5846547","50.30","50.50","50.10","50.20","0.0000","46"
"1150225","2887F","台新新光戊特二","308","14645","","","","","0.0000","14"
"1150225","2887G","台新新光庚特一","351529","14415044","41.00","41.05","41.00","41.00","-0.0500","94"
"1150225","2887H","台新新光庚特二","172343","6896912","40.00","40.10","40.00","40.05","-0.0500","95"
"1150225","2887I","台新新光辛特","10215739","94765645","9.28","9.29","9.27","9.28","0.0000","1812"
"1150225","2887Z1","台新新光己特","59973","1042154","17.25","17.45","17.25","17.45","0.2000","55"
"1150225","2889","國票金","9643768","161546326","17.25","17.25","16.55","16.60","-0.8000","10302"
"1150225","2890","永豐金","29990396","983613429","32.70","33.00","32.35","32.75","0.1000","10781"
"1150225","2891","中信金","47480780","2556204087","53.70","54.70","53.20","53.50","-0.3000","15301"
"1150225","2891B","中信金乙特","3824","242834","63.50","63.70","63.50","63.70","0.1000","24"
"1150225","2891C","中信金丙特","8004","479313","60.00","60.00","60.00","60.00","0.0000","51"
"1150225","2892","第一金","29032907","867374093","30.00","30.00","29.75","29.90","-0.1000","9433"
"1150225","2897","王道銀行","5626730","54386693","9.69","9.73","9.61","9.72","0.0300","1389"
"1150225","2897B","王道銀乙特","40537","478079","11.80","11.80","11.75","11.75","-0.0500","16"
"1150225","2901","欣欣","36116","876431","24.20","24.45","24.15","24.35","0.2000","93"
"1150225","2903","遠百","2981400","68092115","22.85","23.00","22.65","22.95","0.1000","1722"
"1150225","2904","匯僑","73916","1262732","17.10","17.15","17.00","17.15","0.1000","57"
"1150225","2905","三商","1309077","20977292","16.00","16.15","15.80","16.10","0.1000","550"
"1150225","2906","高林","192302","2409478","12.50","12.60","12.50","12.60","0.0500","180"
"1150225","2908","特力","162951","3355062","20.85","20.85","20.35","20.65","-0.1500","98"
"1150225","2910","統領","38592","866136","21.95","22.75","21.95","22.75","-0.1000","41"
"1150225","2911","麗嬰房","33073","169485","5.11","5.13","5.11","5.13","-0.0600","110"
"1150225","2912","統一超","2633914","584365957","222.00","223.00","220.50","222.50","0.5000","3171"
"1150225","2913","農林","1486033","19468554","13.10","13.25","12.95","13.15","-0.0500","712"
"1150225","2915","潤泰全","2664714","142244782","53.30","53.60","53.20","53.30","-0.1000","1471"
"1150225","2923","鼎固-KY","229622","6007832","25.70","26.50","25.00","26.45","1.1500","279"
"1150225","2929","淘帝-KY","440234","3332897","7.60","7.63","7.53","7.59","-0.0300","308"
"1150225","2939","永邑-KY","16005","386170","23.70","24.35","23.70","24.35","0.0000","21"
"1150225","2945","三商家購","42580","1812380","42.75","42.90","42.40","42.90","0.1500","67"
"1150225","3002","歐格","434722","9360920","22.10","22.10","21.30","21.35","-0.7000","348"
"1150225","3003","健和興","529736","26812371","50.90","51.00","50.30","50.50","0.0000","728"
"1150225","3004","豐達科","278489","32417233","116.50","118.00","115.00","116.50","-0.5000","471"
"1150225","3005","神基","3294677","371743586","112.50","114.00","111.00","114.00","2.5000","2291"
"1150225","3006","晶豪科","19052062","3038296477","167.00","167.50","155.00","159.00","-8.0000","15173"
"1150225","3008","大立光","1463061","3540490410","2440.00","2475.00","2395.00","2415.00","-15.0000","5879"
"1150225","3010","華立","2273951","288806410","126.50","128.50","125.00","128.00","3.0000","3264"
"1150225","3011","今皓","434288","5732640","13.30","13.35","13.10","13.15","-0.1000","340"
"1150225","3013","晟銘電","2120780","237359611","112.50","113.00","111.00","113.00","2.0000","2049"
"1150225","3014","聯陽","1005004","123246545","122.50","123.50","121.50","123.50","2.0000","905"
"1150225","3015","全漢","307648","16927341","56.00","56.00","54.60","54.70","-0.8000","685"
"1150225","3016","嘉晶","1824941","108429977","61.70","61.70","58.50","58.60","-1.9000","2527"
"1150225","3017","奇鋐","8984346","14809374795","1565.00","1695.00","1560.00","1675.00","125.0000","24958"
"1150225","3018","隆銘綠能","13404","175247","13.00","13.05","13.00","13.05","-0.2500","85"
"1150225","3019","亞光","5006968","755219389","152.50","153.00","149.50","150.50","-1.0000","4551"
"1150225","3021","鴻名","52635","908711","17.25","17.40","17.15","17.40","0.2000","59"
"1150225","3022","威強電","391211","23478555","59.80","60.40","59.60","60.10","0.3000","464"
"1150225","3023","信邦","1883755","462242118","246.00","250.00","242.50","244.00","3.5000","12754"
"1150225","3024","憶聲","526718","5533724","10.65","10.65","10.45","10.50","-0.0500","596"
"1150225","3025","星通","856713","47436341","57.00","57.20","54.50","54.90","-1.1000","1187"
"1150225","3026","禾伸堂","4524068","536190349","119.50","120.50","115.50","120.00","2.0000","3645"
"1150225","3027","盛達","259583","6157136","23.95","23.95","23.55","23.70","0.1000","297"
"1150225","3028","增你強","18037866","956343472","50.00","54.80","50.00","54.80","4.9500","11235"
"1150225","3029","零壹","841319","95466305","114.50","114.50","112.50","112.50","-2.0000","1071"
"1150225","3030","德律","3691248","739524621","203.00","204.00","196.50","203.50","0.5000","9361"
"1150225","3031","佰鴻","607707","12221809","20.30","20.50","19.95","20.05","-0.2500","316"
"1150225","3032","偉訓","1012412","73974022","75.30","75.50","72.20","72.40","-2.9000","1595"
"1150225","3033","威健","2470053","78466566","32.00","32.25","31.55","31.75","-0.1500","1832"
"1150225","3034","聯詠","3055010","1179660684","386.00","389.50","383.00","387.00","2.0000","5250"
"1150225","3035","智原","2803331","468572261","167.00","168.50","166.00","167.50","1.0000","3170"
"1150225","3036","文曄","8528340","1545887771","182.00","183.50","177.50","183.00","2.5000","7007"
"1150225","3037","欣興","77302412","34967478755","454.50","463.00","438.00","458.50","12.5000","73091"
"1150225","3038","全台","362971","8350081","23.00","23.15","22.75","23.15","0.4000","352"
"1150225","3040","遠見","260019","10575807","41.75","41.80","40.05","40.10","-1.3000","901"
"1150225","3041","揚智","1111673","27711252","25.40","25.50","24.70","25.00","-0.2500","1041"
"1150225","3042","晶技","1769920","162972017","92.20","92.70","91.70","92.10","0.5000","1838"
"1150225","3043","科風","108967","2407799","22.30","22.50","21.75","21.95","-0.3500","283"
"1150225","3044","健鼎","3074160","1211961780","394.00","401.50","389.50","397.00","5.0000","3408"
"1150225","3045","台灣大","10123860","1094697060","108.00","108.50","107.50","108.50","0.5000","4676"
"1150225","3046","建碁","224493","10861895","48.65","48.80","48.00","48.55","-0.0500","477"
"1150225","3047","訊舟","1913308","33685088","18.00","18.00","17.50","17.55","-0.4000","1079"
"1150225","3048","益登","2267095","89901295","39.85","40.30","39.00","39.50","-0.3500","1944"
"1150225","3049","精金","4942687","47347402","9.57","9.76","9.45","9.49","-0.0500","1986"
"1150225","3050","鈺德","1578904","21613728","13.70","13.95","13.45","13.70","0.2000","856"
"1150225","3051","力特","884711","20522133","23.15","23.50","22.90","23.30","0.1500","667"
"1150225","3052","夆典","349568","4065891","11.65","11.70","11.60","11.70","0.0500","234"
"1150225","3054","立萬利","381006","12831769","32.00","34.50","31.85","34.50","3.1000","332"
"1150225","3055","蔚華科","284428","19146252","67.70","68.30","66.60","67.10","0.3000","319"
"1150225","3056","富華新","1967519","33627255","17.15","17.30","16.90","17.15","0.0500","1246"
"1150225","3057","喬鼎","118814","1961888","16.70","16.80","16.40","16.45","-0.2500","501"
"1150225","3058","立德","713730","7229105","10.15","10.35","10.05","10.30","0.2000","442"
"1150225","3059","華晶科","2521069","100693524","40.55","40.70","39.60","39.75","-0.6500","2187"
"1150225","3060","銘異","5135250","172869516","33.50","34.90","32.75","33.10","-0.8000","5382"
"1150225","3062","建漢","4800647","127155539","27.40","27.50","26.00","26.10","-0.8000","3153"
"1150225","3090","日電貿","5741177","584251881","103.00","103.00","99.90","102.50","1.5000","4218"
"1150225","3092","鴻碩","3873562","108835925","26.95","29.25","26.75","29.25","2.6500","2258"
"1150225","3094","聯傑","638781","16038430","25.75","25.80","24.85","25.00","-0.6000","530"
"1150225","3130","一零四","28095","6309219","225.50","225.50","224.00","224.50","-0.5000","342"
"1150225","3135","凌航","7143450","907850547","127.00","133.50","123.00","128.00","3.5000","5716"
"1150225","3138","耀登","6584557","1182931410","184.00","187.50","172.00","180.00","0.5000","6333"
"1150225","3149","正達","13164922","718691856","53.80","56.50","52.70","53.20","0.6000","8182"
"1150225","3150","鈺寶-創","16305","289515","17.85","17.85","17.65","17.80","0.0500","19"
"1150225","3164","景岳","148624","2661954","18.10","18.10","17.65","17.90","-0.2500","189"
"1150225","3167","大量","1528660","446223248","297.00","297.00","286.50","295.00","3.0000","2089"
"1150225","3168","眾福科","9170","371215","40.10","40.80","39.90","40.70","0.5000","11"
"1150225","3189","景碩","61480296","19867058525","327.00","332.50","312.50","325.50","4.5000","55135"
"1150225","3209","全科","1459969","53886055","36.75","37.20","36.60","37.05","0.2000","989"
"1150225","3229","晟鈦","103658","2278640","21.95","22.30","21.70","22.30","0.4500","93"
"1150225","3231","緯創","87158948","11965178306","132.50","139.50","132.50","138.00","7.0000","58150"
"1150225","3257","虹冠電","456313","27516622","60.80","61.10","60.00","60.20","-0.2000","366"
"1150225","3266","昇陽","64033","897717","14.00","14.15","13.85","14.15","0.0000","44"
"1150225","3296","勝德","61667","1469423","23.70","24.15","23.65","24.05","0.4000","187"
"1150225","3305","昇貿","6668377","767664873","113.50","117.00","111.50","116.00","3.5000","5950"
"1150225","3308","聯德","2412579","61588991","24.75","25.70","24.50","25.70","2.3000","2421"
"1150225","3311","閎暉","310289","10075618","32.85","32.85","32.15","32.50","0.4000","319"
"1150225","3312","弘憶股","757669","29038266","38.75","38.90","37.95","38.00","-0.1500","723"
"1150225","3321","同泰","571124","10874163","19.45","19.65","18.10","18.60","-0.5000","691"
"1150225","3338","泰碩","2361598","134362739","54.50","58.80","54.50","56.70","2.5000","2777"
"1150225","3346","麗清","409682","8540036","21.20","21.35","20.60","20.80","-0.3000","329"
"1150225","3356","奇偶","241471","11450549","47.40","47.75","47.00","47.50","0.3500","407"
"1150225","3376","新日興","4865625","990991735","204.00","210.50","200.00","201.50","0.0000","4584"
"1150225","3380","明泰","2053400","66391426","33.10","33.25","31.90","32.40","-0.6000","1636"
"1150225","3406","玉晶光","697720","304305339","438.00","440.50","432.50","438.50","0.0000","1262"
"1150225","3413","京鼎","2080566","649963842","312.50","316.50","309.00","314.00","3.5000","2723"
"1150225","3416","融程電","644407","97528018","148.00","153.50","148.00","152.50","7.5000","728"
"1150225","3419","譁裕","659370","10552911","15.70","16.50","15.50","15.90","0.3000","364"
"1150225","3432","台端","120573","2102809","17.60","17.70","17.30","17.30","-0.3000","107"
"1150225","3437","榮創","1090870","16992316","16.00","16.15","15.40","15.45","-0.4000","976"
"1150225","3443","創意","2368371","6020642370","2510.00","2590.00","2440.00","2575.00","75.0000","8754"
"1150225","3447","展達","218811","8969208","41.10","41.80","40.60","40.90","-0.5000","451"
"1150225","3450","聯鈞","21770702","6239469075","289.50","295.50","277.50","281.50","1.5000","21611"
"1150225","3454","晶睿","280230","27827970","99.50","99.50","99.20","99.30","-0.1000","501"
"1150225","3481","群創","1049054947","27433349422","26.30","27.30","24.10","24.60","-0.2500","263805"
"1150225","3494","誠研","289437","2399160","8.47","8.53","8.18","8.41","-0.0600","208"
"1150225","3501","維熹","147106","7629674","52.00","52.20","51.70","52.10","0.5000","175"
"1150225","3504","揚明光","3725373","230333104","62.10","64.70","60.00","61.10","0.4000","3005"
"1150225","3515","華擎","1173599","267646495","226.00","230.50","225.00","228.50","6.0000","1525"
"1150225","3518","柏騰","284478","5977350","21.30","21.50","20.80","20.85","-0.3500","222"
"1150225","3528","安馳","188545","13569946","73.00","73.00","71.50","72.00","-0.7000","356"
"1150225","3530","晶相光","282364","17721055","62.50","63.90","61.80","62.80","1.1000","301"
"1150225","3532","台勝科","1902136","265154064","142.00","142.00","137.50","138.00","-1.0000","1959"
"1150225","3533","嘉澤","2920613","5046562625","1660.00","1795.00","1635.00","1795.00","160.0000","6809"
"1150225","3535","晶彩科","7235807","835384400","111.00","116.00","111.00","116.00","10.5000","3831"
"1150225","3543","州巧","10834859","587545433","50.70","55.10","50.60","55.10","5.0000","7980"
"1150225","3545","敦泰","2181209","114875716","52.40","53.70","51.90","52.60","0.8000","2107"
"1150225","3550","聯穎","4358668","80984850","19.55","19.60","18.10","18.30","-0.8500","2667"
"1150225","3557","嘉威","221836","7538571","34.50","34.50","33.80","34.15","-0.6000","339"
"1150225","3563","牧德","1300212","670074767","510.00","522.00","506.00","519.00","13.0000","2145"
"1150225","3576","聯合再生","37346210","749236486","20.00","20.10","19.80","20.10","1.8000","12839"
"1150225","3583","辛耘","1892805","679848144","366.50","367.00","351.00","360.00","1.0000","2772"
"1150225","3588","通嘉","427361","22319767","53.50","53.70","51.60","52.00","-1.4000","798"
"1150225","3591","艾笛森","341067","6564407","19.45","19.55","19.10","19.25","-0.2000","362"
"1150225","3592","瑞鼎","701482","166320866","236.50","239.00","235.50","237.00","3.5000","1316"
"1150225","3593","力銘","31437","375429","12.00","12.00","11.80","11.95","-0.0500","213"
"1150225","3596","智易","1129885","211508823","189.50","190.00","186.00","186.50","-2.5000","2582"
"1150225","3605","宏致","1688110","110030169","66.30","66.50","64.40","64.70","-1.6000","2120"
"1150225","3607","谷崧","300138","4182033","13.95","14.05","13.90","13.90","0.0500","244"
"1150225","3617","碩天","205742","40167930","195.00","197.00","194.00","194.50","-1.0000","245"
"1150225","3622","洋華","372572","22337303","60.10","60.80","59.50","60.00","0.3000","336"
"1150225","3645","達邁","2695234","160597146","59.60","60.70","58.50","59.40","-0.4000","2126"
"1150225","3652","精聯","40474","1142076","28.45","28.45","28.05","28.40","-0.0500","46"
"1150225","3653","健策","1858827","5707357800","2990.00","3145.00","2925.00","3130.00","190.0000","7088"
"1150225","3661","世芯-KY","1723454","5973467735","3450.00","3515.00","3410.00","3480.00","50.0000","10288"
"1150225","3665","貿聯-KY","5819147","7730538680","1325.00","1365.00","1295.00","1345.00","50.0000","9480"
"1150225","3669","圓展","101987","3434415","34.35","34.35","33.45","33.90","0.4500","163"
"1150225","3673","TPK-KY","1622428","68117408","42.10","42.70","41.60","41.95","-0.1500","1501"
"1150225","3679","新至陞","74625","8916261","119.00","120.50","118.50","119.00","0.0000","78"
"1150225","3686","達能","685934","13466769","19.70","20.00","19.40","19.60","-0.1000","510"
"1150225","3694","海華","1289906","79811382","61.80","62.40","61.00","62.10","0.5000","1373"
"1150225","3701","大眾控","14731706","872783830","59.80","61.70","57.60","59.50","2.5000","10274"
"1150225","3702","大聯大","8532386","580863352","67.00","68.70","66.50","68.50","1.9000","7442"
"1150225","3703","欣陸","915411","20533583","22.50","22.55","22.35","22.55","0.1500","431"
"1150225","3704","合勤控","3579971","121942668","33.70","34.85","33.70","34.05","0.5500","2102"
"1150225","3705","永信","594313","32628949","55.40","55.60","54.60","55.00","-0.4000","507"
"1150225","3706","神達","15286297","1249161073","81.50","82.90","80.70","81.50","0.9000","13542"
"1150225","3708","上緯投控","1446683","169311669","119.50","120.50","114.50","118.00","-1.0000","1318"
"1150225","3711","日月光投控","29544065","11403083229","385.00","392.00","378.50","389.00","7.5000","21584"
"1150225","3712","永崴投控","997407","25390698","25.10","26.10","24.80","25.45","0.4500","1025"
"1150225","3714","富采","3564015","136573465","38.60","39.05","37.90","38.20","-0.2000","3276"
"1150225","3715","定穎投控","44487613","6646032225","146.00","153.50","143.00","153.00","8.0000","33042"
"1150225","3716","中化控股","180922","6200071","34.20","34.40","34.10","34.35","0.2000","245"
"1150225","3717","聯嘉投控","388243","6797016","17.70","17.75","17.40","17.55","-0.0500","255"
"1150225","4104","佳醫","251451","19772464","79.00","79.00","78.40","78.50","-0.4000","495"
"1150225","4106","雃博","72464","1654115","22.75","23.00","22.75","22.85","0.0000","114"
"1150225","4108","懷特","246642","3498030","14.40","14.40","14.05","14.20","-0.2000","435"
"1150225","4119","旭富","153189","8197258","53.70","54.30","53.00","53.10","-0.6000","383"
"1150225","4133","亞諾法","150611","3802319","25.60","25.60","25.05","25.20","-0.2000","376"
"1150225","4137","麗豐-KY","206923","22879527","110.50","113.00","109.50","110.50","1.0000","678"
"1150225","4142","國光生","2237506","40100688","17.95","18.10","17.80","17.95","0.0000","957"
"1150225","4148","全宇生技-KY","38677","1417137","36.60","37.00","36.45","36.95","0.3500","58"
"1150225","4155","訊映","155767","2213390","14.30","14.30","14.10","14.30","0.0000","252"
"1150225","4164","承業醫","847277","27962405","33.45","33.45","32.80","32.95","-0.5000","1022"
"1150225","4190","佐登-KY","57464","1663994","29.05","29.05","28.85","29.00","-0.1500","200"
"1150225","4306","炎洲","1057012","14499544","13.80","13.80","13.60","13.70","-0.0500","716"
"1150225","4414","如興","190067","1945927","10.35","10.35","10.15","10.35","0.0000","226"
"1150225","4426","利勤","73658","697326","9.48","9.53","9.43","9.49","0.0100","75"
"1150225","4438","廣越","52296","3575949","68.20","68.90","68.00","68.90","0.1000","73"
"1150225","4439","冠星-KY","35292","3581680","101.50","103.00","100.50","102.50","0.0000","107"
"1150225","4440","宜新實業","51384","893062","17.50","17.50","17.35","17.50","0.1500","65"
"1150225","4441","振大環球","61742","15135738","246.00","249.50","242.50","249.00","0.0000","73"
"1150225","4526","東台","3883021","138808645","37.00","37.05","35.05","35.30","-1.3500","2579"
"1150225","4532","瑞智","681619","17659900","26.05","26.05","25.80","25.85","-0.2000","507"
"1150225","4536","拓凱","591675","97064239","167.00","167.00","163.00","163.00","-3.5000","1711"
"1150225","4540","全球傳動","4664641","237933409","52.80","52.90","50.10","50.50","-1.9000","6683"
"1150225","4545","銘鈺","211083","7529915","36.50","36.50","35.20","35.70","-0.1500","224"
"1150225","4551","智伸科","218436","27108049","124.00","125.50","123.50","123.50","-0.5000","302"
"1150225","4552","力達-KY","72614","1709402","23.70","23.70","23.45","23.70","0.0000","106"
"1150225","4555","氣立","351954","13211273","38.00","38.25","37.35","37.35","-1.0000","644"
"1150225","4557","永新-KY","232999","15582653","67.70","68.20","66.30","66.60","-1.5000","307"
"1150225","4560","強信-KY","639001","21194483","33.20","33.75","32.80","33.55","0.3500","233"
"1150225","4562","穎漢","284851","10729878","38.15","38.50","37.40","37.80","-0.1500","389"
"1150225","4564","元翎","2137333","40650307","19.00","19.40","18.75","19.15","0.0000","1304"
"1150225","4566","時碩工業","648251","39109267","60.40","61.90","59.70","59.70","-0.8000","773"
"1150225","4569","六方科-KY","43464","6625472","150.00","155.00","150.00","152.00","2.0000","214"
"1150225","4571","鈞興-KY","324094","57133358","178.00","178.50","175.00","175.50","-1.5000","428"
"1150225","4572","駐龍","18534","2759899","149.50","149.50","148.00","149.50","0.0000","47"
"1150225","4576","大銀微系統","726065","83789869","118.00","118.00","114.00","115.50","-2.5000","880"
"1150225","4581","光隆精密-KY","20012","1018213","50.80","51.20","50.70","51.00","0.1000","22"
"1150225","4583","台灣精銳","176848","124249105","711.00","713.00","699.00","702.00","-2.0000","503"
"1150225","4585","達明","305391","104875546","349.00","349.50","341.00","342.00","-3.5000","951"
"1150225","4588","玖鼎電力","161008","10791089","65.80","67.80","65.80","66.40","0.6000","156"
"1150225","4590","富田-創","211822","16563875","77.70","79.80","77.00","78.90","1.2000","226"
"1150225","4720","德淵","799619","13418217","17.00","17.20","16.55","16.65","-0.1000","422"
"1150225","4722","國精化","7184885","1459402399","193.00","207.00","191.00","207.00","18.5000","12167"
"1150225","4736","泰博","669425","82045011","122.00","124.50","121.50","124.00","2.5000","580"
"1150225","4737","華廣","369384","19915766","54.60","54.80","53.50","54.00","-1.0000","314"
"1150225","4739","康普","2363989","180075636","74.50","77.60","74.20","76.40","2.3000","3045"
"1150225","4746","台耀","995602","57613530","57.60","59.30","57.20","57.30","0.5000","938"
"1150225","4755","三福化","1467398","215368347","143.00","150.00","143.00","149.50","8.0000","3055"
"1150225","4763","材料*-KY","9042512","429036699","48.25","48.40","47.05","47.35","-0.8000","6601"
"1150225","4764","雙鍵","7659384","1016402933","128.50","135.50","125.00","135.50","12.0000","5287"
"1150225","4766","南寶","404648","132093631","328.00","331.50","323.50","324.50","0.0000","3669"
"1150225","4770","上品","342661","84642772","247.00","250.00","245.00","247.00","1.0000","502"
"1150225","4771","望隼","46942","8408394","179.50","180.00","178.50","180.00","0.0000","335"
"1150225","4807","日成-KY","14555","259550","17.90","17.90","17.75","17.85","-0.0500","72"
"1150225","4904","遠傳","9128614","861857769","95.20","95.70","93.50","94.30","-1.3000","6613"
"1150225","4906","正文","2083268","56275231","27.35","27.45","26.80","26.95","-0.2000","1279"
"1150225","4912","聯德控股-KY","1156711","116722061","102.00","103.00","99.70","100.00","0.0000","1290"
"1150225","4915","致伸","2110724","174546900","83.70","83.90","82.20","82.20","-1.8000","2780"
"1150225","4916","事欣科","4015400","256720517","65.10","65.50","63.30","63.60","-1.1000","4400"
"1150225","4919","新唐","32097014","2385216468","76.40","79.00","70.50","70.70","-2.2000","20729"
"1150225","4927","泰鼎-KY","33188478","1463512133","43.30","44.25","42.70","44.25","4.0000","13535"
"1150225","4930","燦星網","77129","1685289","21.95","22.00","21.75","21.85","-0.0500","323"
"1150225","4934","太極","5446912","101964033","18.20","19.35","17.80","19.00","0.8000","2561"
"1150225","4935","茂林-KY","91355","3593723","39.65","39.95","39.10","39.35","-0.3500","76"
"1150225","4938","和碩","11772097","859390511","72.30","73.40","72.30","73.10","1.2000","8267"
"1150225","4942","嘉彰","234592","9013554","38.50","38.55","38.25","38.50","0.2000","117"
"1150225","4943","康控-KY","24352","279885","11.85","11.85","11.35","11.35","0.0500","56"
"1150225","4949","有成精密","1406272","67296908","49.35","50.40","46.75","47.20","-2.0500","1395"
"1150225","4952","凌通","953308","40636562","43.95","43.95","41.85","42.10","-2.0500","1022"
"1150225","4956","光鋐","3282848","86350619","27.20","27.55","25.65","25.80","-1.3500","2781"
"1150225","4958","臻鼎-KY","37070283","7596152626","212.00","212.00","201.00","205.50","-6.0000","34808"
"1150225","4960","誠美材","5618667","81025160","14.65","14.85","14.00","14.05","-0.2500","1823"
"1150225","4961","天鈺","1224154","182966493","154.00","154.50","147.00","148.50","-4.0000","1494"
"1150225","4967","十銓","8728173","1829944662","215.00","219.00","202.00","219.00","5.0000","7777"
"1150225","4968","立積","781830","96112355","124.50","124.50","122.00","122.50","-0.5000","798"
"1150225","4976","佳凌","534923","16913699","32.00","32.00","31.35","31.35","-0.5500","701"
"1150225","4977","眾達-KY","8365590","1315968941","157.50","157.50","154.50","157.50","14.0000","9038"
"1150225","4989","榮科","33737776","2068232436","62.00","64.00","58.30","62.30","1.6000","21103"
"1150225","4994","傳奇","21924","2251619","101.50","104.00","101.50","102.50","0.5000","33"
"1150225","4999","鑫禾","69965","1617472","23.20","23.20","23.00","23.10","-0.1000","361"
"1150225","5007","三星","40740","2481650","61.10","61.40","60.50","61.20","-0.3000","46"
"1150225","5203","訊連","390366","30151126","77.10","77.90","76.60","77.50","0.9000","459"
"1150225","5215","科嘉-KY","165506","6586068","39.85","40.10","39.30","40.05","0.4000","119"
"1150225","5222","全訊","1178495","170663905","144.50","146.50","142.00","145.50","2.5000","1693"
"1150225","5225","東科-KY","865594","86350038","100.50","100.50","99.40","99.50","-1.0000","824"
"1150225","5234","達興材料","2337485","1046813630","441.50","457.00","437.00","450.00","9.0000","3392"
"1150225","5243","乙盛-KY","2571096","224169758","87.00","89.00","85.50","87.60","0.7000","2831"
"1150225","5244","弘凱","143024","5594644","39.70","40.00","38.80","39.10","0.0000","137"
"1150225","5258","虹堡","249057","12997974","52.70","52.80","51.80","52.50","-0.1000","392"
"1150225","5269","祥碩","1680095","2208615950","1310.00","1350.00","1290.00","1315.00","50.0000","4212"
"1150225","5283","禾聯碩","77798","4681402","60.40","60.40","60.00","60.20","0.0000","247"
"1150225","5284","jpp-KY","536492","143136105","271.50","271.50","264.50","267.50","-1.5000","1165"
"1150225","5285","界霖","215923","10901881","50.90","51.20","50.00","50.90","-0.2000","208"
"1150225","5288","豐祥-KY","80487","11678306","144.50","146.50","143.50","146.00","0.0000","121"
"1150225","5292","華懋","165713","30356962","185.00","185.00","181.00","183.50","3.0000","237"
"1150225","5306","桂盟","100402","9394196","94.40","94.40","93.30","93.50","-0.9000","663"
"1150225","5388","中磊","2357795","195261973","83.50","83.60","82.50","82.90","-0.5000","1978"
"1150225","5434","崇越","784684","271262274","345.00","349.00","341.50","348.00","3.5000","1132"
"1150225","5469","瀚宇博","19006440","1799859240","98.50","98.50","93.20","94.30","-7.2000","16692"
"1150225","5471","松翰","2090100","88737183","43.60","43.95","41.50","42.40","-0.3500","2323"
"1150225","5484","慧友","321930","12497790","39.00","39.35","38.45","38.60","-0.3000","326"
"1150225","5515","建國","333709","11104386","33.55","33.60","33.15","33.30","-0.3500","482"
"1150225","5519","隆大","437005","13986091","32.00","32.10","31.85","32.05","0.2500","358"
"1150225","5521","工信","11774284","273392428","23.80","24.00","22.55","23.80","0.0500","3907"
"1150225","5522","遠雄","694238","46894054","67.30","68.00","66.60","67.90","0.8000","619"
"1150225","5525","順天","75851","1980264","26.35","26.35","26.00","26.35","0.0000","158"
"1150225","5531","鄉林","233193","2097381","9.01","9.02","8.97","9.00","-0.0400","249"
"1150225","5533","皇鼎","82348","1184444","14.25","14.45","14.25","14.45","0.0500","64"
"1150225","5534","長虹","692072","52772628","77.80","77.80","75.90","76.40","-0.6000","779"
"1150225","5538","東明-KY","69421","2300415","32.45","33.45","32.45","33.35","0.9000","87"
"1150225","5546","永固-KY","87040","1913320","22.60","22.95","21.45","21.65","-0.9500","61"
"1150225","5607","遠雄港","1672080","89367747","52.80","53.80","52.80","53.50","1.3000","1552"
"1150225","5608","四維航","3430318","61095394","17.65","18.10","17.55","17.55","-0.0500","1609"
"1150225","5706","鳳凰","517257","25996799","50.60","50.90","49.80","50.80","0.1000","3037"
"1150225","5871","中租-KY","10564842","1108356709","106.00","106.50","103.50","105.50","-1.0000","7061"
"1150225","5871A","中租-KY甲特","9663","972205","101.00","101.00","100.50","101.00","0.0000","15"
"1150225","5876","上海商銀","8085749","326213886","40.35","40.50","40.20","40.45","0.2000","2863"
"1150225","5880","合庫金","19812414","475083072","24.05","24.05","23.90","23.95","-0.1000","8175"
"1150225","5906","台南-KY","10095","529314","53.00","53.00","51.60","52.50","0.3000","10"
"1150225","5907","大洋-KY","127045","756108","5.95","6.05","5.92","5.92","-0.0100","115"
"1150225","6005","群益證","10456264","326178236","31.05","31.60","30.75","31.25","0.3500","4894"
"1150225","6024","群益期","346579","18203499","52.50","52.80","52.30","52.70","0.2000","409"
"1150225","6108","競國","114474","1680138","14.70","14.80","14.60","14.80","0.0500","154"
"1150225","6112","邁達特","426580","18819251","44.55","44.85","43.90","44.05","-0.5000","734"
"1150225","6115","鎰勝","138271","6645909","48.30","48.30","48.00","48.10","0.0000","180"
"1150225","6116","彩晶","61980702","567982377","9.18","9.58","8.83","8.95","-0.0200","16666"
"1150225","6117","迎廣","318777","24244872","76.50","77.00","75.70","75.80","-0.1000","347"
"1150225","6120","達運","3795997","51500488","13.65","13.95","13.30","13.35","-0.2000","1921"
"1150225","6128","上福","291433","7617041","25.40","26.80","25.20","26.20","0.7000","357"
"1150225","6133","金橋","2609578","60843961","24.00","24.55","22.95","23.10","-0.6500","1418"
"1150225","6136","富爾特","186388","4461137","24.10","24.10","23.90","24.00","-0.1000","200"
"1150225","6139","亞翔","3343125","1843679078","549.00","560.00","540.00","557.00","14.0000","5455"
"1150225","6141","柏承","388333","4360090","11.35","11.35","11.15","11.30","0.0500","148"
"1150225","6142","友勁","665819","6569223","9.71","9.95","9.71","9.86","0.1600","304"
"1150225","6152","百一","4093358","67006450","15.30","16.65","15.30","16.65","1.5000","1432"
"1150225","6153","嘉聯益","8680696","139469996","16.60","16.70","15.80","15.95","-1.0000","3908"
"1150225","6155","鈞寶","2791797","143570531","52.80","54.00","50.20","50.50","-0.4000","2180"
"1150225","6164","華興","671544","8407659","12.40","12.80","12.35","12.35","0.0000","433"
"1150225","6165","浪凡","232267","10037221","43.20","43.80","43.05","43.05","-0.1000","218"
"1150225","6166","凌華","554177","35886252","65.20","65.20","64.10","65.00","0.6000","444"
"1150225","6168","宏齊","836585","17199687","21.20","21.20","20.25","20.45","-0.3500","496"
"1150225","6176","瑞儀","3590074","485698169","133.50","137.00","133.50","135.50","3.0000","2850"
"1150225","6177","達麗","1264229","60455495","48.30","48.30","47.45","48.00","-0.6500","1056"
"1150225","6183","關貿","47683","4550409","95.20","95.70","95.00","95.60","0.4000","133"
"1150225","6184","大豐電","65085","3129730","48.15","48.15","48.00","48.15","0.0000","78"
"1150225","6189","豐藝","1461505","68401863","46.80","47.85","46.05","46.30","-0.5000","1738"
"1150225","6191","精成科","10145770","1082677117","110.00","110.50","105.00","107.00","-3.0000","8214"
"1150225","6192","巨路","667412","84174115","124.00","128.50","123.50","128.50","4.5000","1276"
"1150225","6196","帆宣","3318443","970469967","290.00","297.00","289.00","292.00","5.0000","3828"
"1150225","6197","佳必琪","1172363","175591672","149.00","151.50","147.50","150.50","2.5000","1434"
"1150225","6201","亞弘電","44725","2407103","54.00","54.00","53.60","54.00","0.0000","97"
"1150225","6202","盛群","8457410","520881159","62.60","63.50","60.00","62.00","-0.8000","5899"
"1150225","6205","詮欣","508200","25504235","52.50","52.50","49.15","49.55","-1.7500","512"
"1150225","6206","飛捷","361624","34043416","95.00","95.00","93.60","94.20","-0.2000","586"
"1150225","6209","今國光","11292293","733518201","62.60","67.00","60.90","65.20","3.3000","8000"
"1150225","6213","聯茂","38829055","5378763265","137.50","146.50","129.00","146.50","13.0000","27576"
"1150225","6214","精誠","1130615","123841691","109.50","111.00","108.50","110.00","1.0000","1120"
"1150225","6215","和椿","866599","98690062","115.50","115.50","113.00","113.50","0.0000","1043"
"1150225","6216","居易","111369","3027652","27.45","27.45","27.00","27.30","-0.1500","175"
"1150225","6224","聚鼎","243904","10505367","43.35","43.50","42.75","43.15","0.2500","298"
"1150225","6225","天瀚","59328","1130271","18.20","19.35","18.20","18.40","0.0000","48"
"1150225","6226","光鼎","388118","3469029","9.18","9.18","8.90","8.94","0.0200","229"
"1150225","6230","尼得科超眾","437037","61767757","133.50","143.00","133.00","143.00","13.0000","917"
"1150225","6235","華孚","653957","38253454","58.80","59.10","58.10","58.50","-0.3000","743"
"1150225","6239","力成","12598461","3216897657","261.00","261.00","251.00","258.00","0.5000","17971"
"1150225","6243","迅杰","157397","5450564","35.35","35.60","34.30","34.40","-0.6000","404"
"1150225","6257","矽格","12423697","1691215206","135.00","138.50","133.00","137.00","6.0000","9362"
"1150225","6269","台郡","2557431","165926721","66.00","66.50","64.00","65.60","0.2000","4199"
"1150225","6271","同欣電","21477954","3821767417","179.00","189.00","168.50","189.00","17.0000","17950"
"1150225","6272","驊陞","492315","19582058","40.55","40.60","39.30","40.10","-0.5500","336"
"1150225","6277","宏正","147638","8871952","60.00","60.60","59.90","60.10","0.1000","121"
"1150225","6278","台表科","1980885","200357793","101.00","102.50","100.00","101.00","0.5000","1649"
"1150225","6281","全國電","95706","5782145","60.60","60.70","60.20","60.50","-0.1000","142"
"1150225","6282","康舒","25308911","1292973059","52.60","52.60","50.40","51.30","-1.0000","16332"
"1150225","6283","淳安","138337","3047155","22.05","22.30","21.90","22.15","0.1500","142"
"1150225","6285","啟碁","32398898","6061312191","190.00","192.00","182.00","190.00","1.5000","29827"
"1150225","6405","悅城","1771939","60852571","34.00","35.50","32.65","34.90","2.5500","1863"
"1150225","6409","旭隼","770888","713024963","930.00","943.00","913.00","920.00","-2.0000","2001"
"1150225","6412","群電","1361735","125814942","92.60","93.80","91.50","92.00","-0.1000","1468"
"1150225","6414","樺漢","935783","266617745","284.00","286.00","283.50","285.00","1.5000","1093"
"1150225","6415","矽力*-KY","4606751","1289876774","285.50","288.00","276.00","279.00","-6.0000","5894"
"1150225","6416","瑞祺電通","262094","21357461","82.50","82.70","80.80","81.20","-1.3000","402"
"1150225","6426","統新","3244897","574798564","192.00","195.00","167.00","177.00","-8.0000","3662"
"1150225","6431","光麗-KY","546356","13939523","27.30","27.30","24.90","25.55","-0.7500","274"
"1150225","6438","迅得","1078405","165048097","155.00","155.00","152.00","152.50","-0.5000","1224"
"1150225","6442","光聖","985314","1980703680","2010.00","2080.00","1980.00","2080.00","50.0000","4542"
"1150225","6443","元晶","76647952","3182551061","42.25","43.10","40.15","41.00","-0.5000","37240"
"1150225","6446","藥華藥","1188720","885896579","747.00","749.00","736.00","747.00","16.0000","2994"
"1150225","6449","鈺邦","1500154","268853489","177.00","183.50","176.00","179.00","5.0000","1970"
"1150225","6451","訊芯-KY","6442781","1368796266","215.00","218.00","205.50","211.00","10.5000","6159"
"1150225","6456","GIS-KY","2786220","120921531","44.25","44.25","43.00","43.45","-0.8500","1903"
"1150225","6464","台數科","49264","3912329","78.80","80.00","78.60","80.00","1.2000","56"
"1150225","6472","保瑞","755112","387677290","527.00","527.00","510.00","510.00","-10.0000","2659"
"1150225","6477","安集","907983","33050373","36.35","37.00","35.95","36.15","-0.2000","1012"
"1150225","6491","晶碩","222610","65606040","295.50","298.00","293.50","294.50","0.0000","1801"
"1150225","6504","南六","98370","4113088","41.50","42.10","41.50","42.00","0.5000","103"
"1150225","6505","台塑化","22328739","1233255234","52.40","57.00","52.30","56.00","3.6000","14308"
"1150225","6515","穎崴","530968","2592788940","4800.00","5000.00","4680.00","5000.00","235.0000","2575"
"1150225","6525","捷敏-KY","191736","15570319","82.80","82.80","80.70","81.40","-0.8000","726"
"1150225","6526","達發","496724","233970876","467.00","478.50","465.00","470.00","5.0000","1107"
"1150225","6531","愛普*","4334665","1820679219","413.50","432.00","403.00","427.50","15.5000","5120"
"1150225","6533","晶心科","943082","206628696","225.50","225.50","217.00","217.50","-8.0000","2185"
"1150225","6534","正瀚-創","134714","11071384","81.90","83.20","81.60","82.20","0.3000","112"
"1150225","6541","泰福-KY","289693","14208741","49.05","49.70","48.95","49.00","0.0000","289"
"1150225","6550","北極星藥業-KY","3340168","114139056","35.70","35.70","32.95","33.00","-2.7000","3053"
"1150225","6552","易華電","274497","8351329","31.80","31.80","29.80","30.00","-0.9000","276"
"1150225","6558","興能高","552241","18601117","34.30","34.30","33.30","33.35","-0.5500","511"
"1150225","6573","虹揚-KY","350805","5121080","14.90","14.90","14.45","14.50","-0.4000","221"
"1150225","6579","研揚","106671","12166403","114.00","114.50","113.50","114.00","0.0000","420"
"1150225","6581","鋼聯","21133","2321579","110.00","110.50","109.50","110.00","0.0000","32"
"1150225","6582","申豐","38314","1271522","32.80","33.45","32.80","33.45","0.4000","82"
"1150225","6585","鼎基","101972","9201711","88.30","91.00","88.30","89.30","0.7000","209"
"1150225","6589","台康生技","453207","27723302","61.50","62.00","60.90","61.00","-0.5000","770"
"1150225","6591","動力-KY","257333","17093654","66.50","67.00","66.10","66.20","-0.3000","331"
"1150225","6592","和潤企業","1666399","99944112","60.00","60.90","59.50","59.90","-0.1000","1108"
"1150225","6592A","和潤企業甲特","2063","199797","96.80","96.90","96.80","96.90","0.0000","7"
"1150225","6592B","和潤企業乙特","11256","1096359","97.40","97.40","97.40","97.40","0.0000","57"
"1150225","6598","ABC-KY","156908","3839863","24.35","24.60","24.25","24.55","0.2000","221"
"1150225","6605","帝寶","462807","65608281","145.00","145.00","141.00","141.50","-2.5000","724"
"1150225","6606","建德工業","156691","3947390","25.25","25.35","25.10","25.30","0.0000","95"
"1150225","6614","資拓宏宇","69146","3145802","45.50","45.65","45.30","45.60","0.0000","77"
"1150225","6625","必應","176721","14313162","80.40","81.40","80.40","80.90","0.6000","242"
"1150225","6641","基士德-KY","32665","711865","22.15","22.15","21.65","21.85","-0.3000","49"
"1150225","6645","金萬林-創","37556","658128","17.65","17.65","17.35","17.60","0.2500","34"
"1150225","6655","科定","8965","1171772","130.50","131.00","130.50","131.00","1.0000","18"
"1150225","6657","華安","359384","17241862","48.70","48.75","47.60","48.10","-0.4000","530"
"1150225","6658","聯策","265940","15278850","58.50","59.20","56.70","57.00","-0.2000","587"
"1150225","6666","羅麗芬-KY","13062","576896","44.20","44.50","44.00","44.35","0.1500","16"
"1150225","6668","中揚光","284899","10590785","37.25","37.70","36.80","37.20","0.3000","253"
"1150225","6669","緯穎","2922428","11691424240","3855.00","4075.00","3840.00","4060.00","225.0000","20556"
"1150225","6670","復盛應用","323625","87136137","272.00","275.00","265.50","265.50","-6.5000","7863"
"1150225","6671","三能-KY","35083","1297105","37.65","37.65","36.55","36.95","0.3000","25"
"1150225","6672","騰輝電子-KY","2014532","207104182","102.50","107.00","100.00","101.00","-1.0000","3373"
"1150225","6674","鋐寶科技","27065","538880","20.00","20.00","19.80","20.00","0.0500","28"
"1150225","6689","伊雲谷","260096","15614000","59.70","60.80","59.30","60.30","1.1000","252"
"1150225","6691","洋基工程","697254","433481256","626.00","629.00","617.00","621.00","3.0000","1504"
"1150225","6695","芯鼎","388119","16497208","42.40","43.35","42.05","42.65","0.2500","453"
"1150225","6698","旭暉應材","1594066","56477033","33.65","36.45","33.30","34.90","1.2500","1152"
"1150225","6706","惠特","10335130","1263650213","127.50","131.50","116.50","121.50","-4.0000","7920"
"1150225","6715","嘉基","1117875","194917050","170.00","178.00","168.50","175.50","9.5000","1509"
"1150225","6719","力智","447760","82623969","187.00","187.00","183.00","185.00","-1.5000","679"
"1150225","6722","輝創","105390","4455171","42.60","42.65","41.75","42.65","0.2000","109"
"1150225","6742","澤米","265101","11576184","44.50","44.50","43.30","43.60","-0.7500","433"
"1150225","6743","安普新","179627","4803840","26.90","27.25","26.55","26.80","-0.2000","277"
"1150225","6753","龍德造船","1760033","270026952","157.00","157.00","152.00","152.00","-5.0000","2478"
"1150225","6754","匯僑設計","28852","1272612","44.80","44.80","43.75","44.00","-0.8000","81"
"1150225","6756","威鋒電子","129746","10513101","82.00","82.00","80.20","80.60","-0.7000","550"
"1150225","6757","台灣虎航","886080","56583375","64.00","64.20","63.60","63.70","-0.5000","1008"
"1150225","6768","志強-KY","945813","95044137","101.00","101.50","99.30","101.00","0.5000","882"
"1150225","6770","力積電","487502723","36519111235","74.70","77.00","72.60","76.80","3.1000","237890"
"1150225","6771","平和環保-創","42384","1886763","44.00","44.80","44.00","44.55","0.8000","36"
"1150225","6776","展碁國際","545591","32072359","59.30","59.90","58.10","58.20","-1.1000","664"
"1150225","6781","AES-KY","1244194","1478623705","1205.00","1220.00","1170.00","1195.00","0.0000","3806"
"1150225","6782","視陽","285723","51635515","178.50","182.00","178.50","181.00","2.5000","304"
"1150225","6789","采鈺","3614956","1118384741","309.00","319.00","302.50","311.00","8.0000","11021"
"1150225","6790","永豐實","846033","33769702","40.15","40.50","39.65","39.90","0.9000","621"
"1150225","6792","詠業","106309","6198731","58.80","59.70","57.30","59.60","0.8000","250"
"1150225","6794","向榮生技","194306","17952667","90.80","93.20","90.70","92.00","1.3000","388"
"1150225","6796","晉弘","111730","9332089","84.40","84.40","83.30","83.50","-0.3000","140"
"1150225","6799","來頡","93694","7810126","84.40","84.70","82.60","83.40","-0.9000","529"
"1150225","6805","富世達","2182107","3379974865","1495.00","1585.00","1480.00","1555.00","75.0000","4511"
"1150225","6806","森崴能源","3837745","176447284","43.90","47.90","43.25","46.50","2.6500","3515"
"1150225","6807","峰源-KY","8009","368896","45.55","46.60","45.55","46.30","0.5000","9"
"1150225","6830","汎銓","2837703","731070852","250.00","259.50","249.50","259.50","23.5000","1938"
"1150225","6831","邁科","1427067","422047073","299.00","307.00","288.00","294.50","-2.5000","8146"
"1150225","6834","天二科技","293235","9355015","32.25","32.35","31.75","31.80","0.0000","194"
"1150225","6835","圓裕","125437","4958107","40.40","40.40","39.25","39.25","-0.9000","153"
"1150225","6838","台新藥","308832","8732179","28.75","29.00","27.90","28.25","-0.2000","320"
"1150225","6854","錼創科技-KY創","1017616","144343026","134.00","145.00","133.00","145.00","13.0000","881"
"1150225","6861","睿生光電","2039273","208190392","95.00","104.00","95.00","104.00","9.2000","1241"
"1150225","6862","三集瑞-KY","1764696","358501300","199.00","208.50","196.00","205.00","8.0000","3039"
"1150225","6863","永道-KY","134067","15740452","116.50","119.00","116.50","118.00","0.0000","596"
"1150225","6869","雲豹能源","2564243","285715002","104.50","113.50","104.50","113.50","10.0000","2007"
"1150225","6873","泓德能源","1426503","159335649","109.00","114.00","108.00","110.00","2.0000","1163"
"1150225","6885","全福生技","396530","11213833","28.55","28.80","28.00","28.10","-0.5000","405"
"1150225","6887","寶綠特-KY","47372","2293694","48.50","49.00","48.00","49.00","-0.8500","63"
"1150225","6890","來億-KY","966763","191490865","204.50","205.00","194.00","197.50","-4.5000","1557"
"1150225","6901","鑽石投資","395606","6867340","17.50","17.60","17.20","17.30","-0.2000","315"
"1150225","6902","GOGOLOOK","50755","3881557","77.00","77.50","75.90","76.80","-1.2000","207"
"1150225","6906","現觀科","148118","11216527","79.50","79.50","74.50","74.80","-4.9000","510"
"1150225","6909","創控","270105","11025505","41.35","41.40","40.35","41.10","0.0500","211"
"1150225","6914","阜爾運通","66515","9430558","142.50","143.00","141.00","142.00","-0.5000","107"
"1150225","6916","華凌","36556","680387","18.55","18.85","18.45","18.85","0.3000","37"
"1150225","6918","愛派司","15338","1300840","85.70","86.00","84.30","85.20","1.4000","28"
"1150225","6919","康霈*","3413987","554597275","164.00","164.50","161.50","161.50","-2.0000","3477"
"1150225","6921","嘉雨思-創","77025","6199512","80.50","83.40","78.70","80.30","0.0000","58"
"1150225","6923","中台","215098","20073067","95.00","95.00","92.40","92.80","-2.2000","270"
"1150225","6924","榮惠-KY創","10001","642963","64.70","64.70","64.00","64.10","-0.8000","11"
"1150225","6928","攸泰科技","127539","6824169","54.10","54.10","52.80","53.40","0.0000","145"
"1150225","6931","青松健康","57962","3167698","55.40","55.40","54.40","54.60","0.0000","66"
"1150225","6933","AMAX-KY","285348","41231936","139.00","149.50","138.00","147.00","8.0000","382"
"1150225","6934","心誠鎂","171197","20805709","120.00","124.00","118.50","122.50","2.0000","170"
"1150225","6936","永鴻生技","64679","2322498","35.90","36.05","35.75","36.05","0.0500","119"
"1150225","6937","天虹","283504","64023098","229.50","231.00","223.00","223.50","-3.0000","849"
"1150225","6944","兆聯實業","972327","707946909","704.00","742.00","704.00","728.00","27.0000","2475"
"1150225","6949","沛爾生醫-創","60188","41513837","690.00","700.00","680.00","690.00","0.0000","149"
"1150225","6951","青新-創","105184","7927386","75.70","75.90","75.00","75.60","-0.3000","250"
"1150225","6952","大武山","26712","1164953","43.60","44.00","43.40","43.75","0.1500","30"
"1150225","6955","邦睿生技-創","3043","515767","169.00","171.00","168.50","171.00","1.0000","6"
"1150225","6957","裕慶-KY","70224","12489391","181.00","181.00","176.00","176.00","-3.0000","66"
"1150225","6958","日盛台駿","206992","3727173","18.30","18.30","17.65","18.05","-0.1500","164"
"1150225","6958A","日盛台駿甲特","34000","646250","19.10","19.10","18.95","19.00","-0.1000","21"
"1150225","6962","奕力-KY","2648395","96781399","37.15","37.40","36.10","36.15","-0.6500","1819"
"1150225","6965","中傑-KY","139420","11465057","83.40","83.50","81.70","82.50","-2.0000","274"
"1150225","6969","成信實業*-創","100225","3056112","31.05","31.05","29.85","31.00","-0.0500","67"
"1150225","6988","威力暘-創","49061","861195","17.75","17.75","17.15","17.55","-0.6000","23"
"1150225","6994","富威電力","204446","16895358","81.60","83.40","81.60","82.40","1.0000","221"
"1150225","7610","聯友金屬-創","740337","219622416","291.00","303.00","288.50","303.00","18.0000","1272"
"1150225","7631","聚賢研發-創","3001","359118","119.50","120.00","119.50","120.00","0.0000","4"
"1150225","7705","三商餐飲","145006","5607875","39.10","39.10","38.50","38.60","-0.5000","251"
"1150225","7711","永擎","370345","86737808","232.00","239.50","228.00","239.50","9.5000","919"
"1150225","7721","微程式","461541","23918277","48.20","53.00","48.00","53.00","4.8000","668"
"1150225","7722","LINEPAY","197796","82715496","422.50","426.00","415.50","415.50","-5.0000","1364"
"1150225","7730","暉盛-創","32750","3250359","99.10","100.00","98.30","100.00","0.9000","36"
"1150225","7732","金興精密","22801","903438","39.00","39.95","39.00","39.95","1.0000","25"
"1150225","7736","虎山","28198","2489453","89.00","89.90","86.20","89.90","0.0000","85"
"1150225","7740","熙特爾-創","327900","58719715","180.50","185.50","173.50","180.00","-0.5000","345"
"1150225","7749","意騰-KY","150627","64059851","426.50","431.00","422.00","423.50","-0.5000","290"
"1150225","7750","新代","728196","941862160","1245.00","1325.00","1235.00","1300.00","55.0000","1861"
"1150225","7765","中華資安","98167","25446635","263.00","263.00","258.00","258.00","-4.0000","365"
"1150225","7769","鴻勁","1046444","4976297350","4610.00","4815.00","4580.00","4815.00","210.0000","4705"
"1150225","7780","大研生醫*","4506999","112981397","25.65","25.65","24.90","24.90","-0.5000","2849"
"1150225","7786","東方風能","449865","71939364","161.00","162.00","157.00","162.00","2.0000","588"
"1150225","7788","松川精密","1209483","228386907","190.50","195.00","184.00","188.00","4.5000","1442"
"1150225","7791","皇家可口","62264","4270493","68.80","68.80","68.40","68.70","-0.1000","87"
"1150225","7795","長廣","1672940","687472888","417.00","428.00","395.00","415.00","0.0000","4369"
"1150225","7799","禾榮科","1425616","784514638","547.00","582.00","525.00","535.00","-10.0000","13404"
"1150225","7823","奧義賽博-KY創","145002","13115814","93.40","93.40","88.00","89.50","-0.7000","262"
"1150225","8011","台通","803142","16994702","21.35","21.60","21.05","21.10","-0.2500","505"
"1150225","8016","矽創","762449","149689232","197.50","198.00","194.50","196.00","-1.0000","3231"
"1150225","8021","尖點","34152655","8709377441","251.00","268.00","237.00","264.50","19.5000","57343"
"1150225","8028","昇陽半導體","5424380","982309885","183.50","184.00","178.50","183.00","3.5000","5788"
"1150225","8033","雷虎","5370648","857825145","162.50","163.00","157.00","159.00","-3.5000","5278"
"1150225","8039","台虹","4791309","421421615","89.70","90.50","86.50","88.20","0.2000","4022"
"1150225","8045","達運光電","201365","16794816","85.40","85.40","82.00","82.00","-3.1000","322"
"1150225","8046","南電","27562388","14651156337","530.00","553.00","510.00","553.00","50.0000","27201"
"1150225","8070","長華*","1945204","84268268","43.45","44.05","43.05","43.05","-0.4000","1408"
"1150225","8072","陞泰","213977","6641606","31.20","31.55","30.80","31.20","0.0500","224"
"1150225","8081","致新","658109","160624254","247.50","247.50","241.50","246.00","-1.0000","1500"
"1150225","8101","華冠","8735","133654","15.15","15.80","15.15","15.80","-0.4000","91"
"1150225","8103","瀚荃","3992769","382031312","94.30","98.10","93.00","96.70","3.4000","4795"
"1150225","8104","錸寶","4045701","154001769","36.80","39.15","35.95","37.90","1.4000","2959"
"1150225","8105","凌巨","3450799","44622732","12.90","13.30","12.70","12.70","0.0000","1405"
"1150225","8110","華東","31998757","2041218367","65.90","66.40","62.20","63.50","-1.4000","20008"
"1150225","8112","至上","11405510","840458414","75.70","75.70","72.60","73.90","-1.3000","13709"
"1150225","8112A","至上甲特","50792","2312745","45.50","45.65","45.50","45.65","0.1500","43"
"1150225","8114","振樺電","384143","67583394","176.00","177.50","175.00","175.50","1.0000","529"
"1150225","8131","福懋科","7174156","507135763","72.90","73.50","69.30","70.50","-0.5000","6652"
"1150225","8150","南茂","80442601","5198967581","65.00","65.00","62.60","65.00","5.9000","28451"
"1150225","8162","微矽電子-創","255325","9691012","37.10","38.80","37.00","38.10","0.9500","162"
"1150225","8163","達方","559980","17383669","30.90","31.35","30.90","30.95","0.1000","533"
"1150225","8201","無敵","78796","1120838","14.05","14.35","14.05","14.25","0.2000","73"
"1150225","8210","勤誠","3885125","3484989229","880.00","914.00","880.00","909.00","39.0000","8579"
"1150225","8213","志超","1597880","60445939","37.85","38.20","37.50","38.10","0.7000","1144"
"1150225","8215","明基材","1054511","22215493","21.00","21.45","20.80","20.80","-0.3500","724"
"1150225","8222","寶一","389754","15699125","40.80","40.80","40.10","40.10","-0.6000","487"
"1150225","8249","菱光","1349614","81679077","61.30","61.60","60.10","60.10","-1.0000","1261"
"1150225","8261","富鼎","847075","80374301","96.00","96.00","94.30","95.50","0.2000","1849"
"1150225","8271","宇瞻","5592772","664557534","122.50","122.50","117.00","119.50","-3.0000","4439"
"1150225","8341","日友","208773","16234327","77.70","78.20","77.40","78.20","0.5000","600"
"1150225","8367","建新國際","48000","2118350","44.00","44.30","43.60","44.30","0.3000","32"
"1150225","8374","羅昇","324200","28249894","87.70","88.60","86.20","86.20","-1.4000","393"
"1150225","8404","百和興業-KY","419687","9928933","23.70","23.90","23.55","23.60","-0.1500","303"
"1150225","8411","福貞-KY","61629","758107","12.25","12.40","12.20","12.40","0.0500","108"
"1150225","8422","可寧衛*","43514444","1508100631","35.60","35.75","34.00","34.45","-1.1500","25696"
"1150225","8429","金麗-KY","250921","1851035","7.40","7.40","7.36","7.37","-0.0200","268"
"1150225","8438","昶昕","3391899","203782392","56.50","63.10","54.00","63.10","5.7000","1959"
"1150225","8442","威宏-KY","163359","10993052","68.40","68.40","66.70","67.40","-1.3000","616"
"1150225","8443","阿瘦","33373","388993","11.60","11.75","11.60","11.75","0.0500","141"
"1150225","8454","富邦媒","510287","98004780","191.00","194.00","190.00","191.00","1.0000","2177"
"1150225","8462","柏文","133928","19240362","143.00","144.50","142.50","143.50","1.0000","184"
"1150225","8463","潤泰材","74318","2026406","27.25","27.35","27.20","27.35","0.1000","57"
"1150225","8464","億豐","2169970","912327622","419.00","423.00","414.00","419.50","9.0000","1835"
"1150225","8466","美吉吉-KY","73684","1648098","22.80","23.00","22.15","22.45","-0.3500","63"
"1150225","8467","波力-KY","28872","5050817","175.50","176.00","174.00","174.50","1.0000","366"
"1150225","8473","山林水","617797","23516603","37.60","38.40","37.60","38.10","0.6000","559"
"1150225","8476","台境*","929396","18170434","19.95","20.00","19.30","19.35","-0.6000","665"
"1150225","8478","東哥遊艇","141061","24196336","171.50","173.00","170.50","172.00","1.0000","197"
"1150225","8481","政伸","36255","1506663","41.50","41.80","41.30","41.80","0.0500","89"
"1150225","8482","商億-KY","17085","915426","53.10","54.60","53.00","54.10","1.1000","20"
"1150225","8487","愛爾達-創","25122","2065713","82.00","82.40","82.00","82.30","0.2000","128"
"1150225","8488","吉源-KY","24000","239950","9.83","10.10","9.83","10.10","0.0500","18"
"1150225","8499","鼎炫-KY","106771","30103201","283.50","287.50","279.00","283.00","-1.5000","222"
"1150225","8926","台汽電","1374394","64571830","46.60","47.20","46.40","47.00","0.4000","1139"
"1150225","8940","新天地","55229","1094910","20.00","20.00","19.70","19.80","-0.1000","120"
"1150225","8996","高力","545533","499833118","932.00","932.00","908.00","911.00","-20.0000","1140"
"1150225","9103","美德醫療-DR","2396836","12834340","5.10","5.55","5.03","5.55","0.5000","908"
"1150225","910322","康師傅-DR","52216","1383626","25.90","27.00","25.90","26.70","0.9000","78"
"1150225","9105","泰金寶-DR","23680862","144335459","6.15","6.16","6.03","6.10","-0.0100","3848"
"1150225","910861","神州-DR","56208","295512","5.30","5.30","5.22","5.24","-0.0800","45"
"1150225","9110","越南控-DR","14000","45240","3.25","3.25","3.03","3.03","-0.1700","8"
"1150225","911608","明輝-DR","64500","176675","2.75","2.82","2.72","2.75","0.0000","35"
"1150225","911622","泰聚亨-DR","50003","199151","4.01","4.01","3.94","3.99","-0.0200","17"
"1150225","911868","同方友友-DR","324239","414359","1.28","1.29","1.27","1.28","-0.0100","66"
"1150225","912000","晨訊科-DR","881317","2359049","2.71","2.71","2.66","2.68","-0.0300","162"
"1150225","9136","巨騰-DR","286050","2144436","7.52","7.56","7.44","7.51","-0.0100","95"
"1150225","9802","鈺齊-KY","800511","76084248","95.00","95.70","94.50","94.80","0.9000","720"
"1150225","9902","台火","425980","7056686","16.65","16.70","16.50","16.55","-0.1000","272"
"1150225","9904","寶成","6923979","213697717","31.15","31.15","30.75","30.80","-0.2500","3376"
"1150225","9905","大華","375053","7706252","20.45","20.70","20.45","20.60","0.1500","230"
"1150225","9906","欣巴巴","387405","16071703","42.90","42.90","40.70","41.15","-1.8000","441"
"1150225","9907","統一實","5774607","111449249","19.05","19.50","19.00","19.50","0.4500","2755"
"1150225","9908","大台北","135875","4077955","29.95","30.10","29.90","30.00","0.0000","122"
"1150225","9910","豐泰","2416331","228668328","93.30","95.50","93.30","95.00","1.7000","1843"
"1150225","9911","櫻花","369503","31973237","87.00","87.50","85.90","86.00","-0.5000","2744"
"1150225","9912","偉聯","21931","261881","11.95","12.10","11.90","12.10","0.0000","159"
"1150225","9914","美利達","2943803","225693418","77.90","77.90","76.00","76.20","-1.8000","2689"
"1150225","9917","中保科","411795","43540076","105.50","106.00","105.50","106.00","0.5000","610"
"1150225","9918","欣天然","20748","847673","40.70","40.90","40.65","40.90","0.2000","55"
"1150225","9919","康那香","591679","9750714","16.55","16.55","16.35","16.55","0.0500","487"
"1150225","9921","巨大","1698870","141223275","83.70","84.60","82.50","82.60","-1.1000","2140"
"1150225","9924","福興","112236","5390621","48.40","48.40","47.90","48.10","-0.3000","407"
"1150225","9925","新保","199911","8179775","41.00","41.00","40.85","40.95","0.0000","386"
"1150225","9926","新海","24266","1211733","49.95","50.00","49.50","49.95","0.0000","23"
"1150225","9927","泰銘","68320","4776066","70.00","70.20","69.70","69.90","0.2000","164"
"1150225","9928","中視","159548","2870798","18.05","18.10","17.95","18.00","-0.1000","109"
"1150225","9929","秋雨","20012","211227","10.50","10.60","10.50","10.60","0.0000","17"
"1150225","9930","中聯資源","85516","6059510","71.20","71.20","70.60","70.90","0.0000","206"
"1150225","9931","欣高","16930","592867","35.00","35.15","34.80","35.15","0.1500","27"
"1150225","9933","中鼎","5643244","175214877","30.50","31.45","30.30","31.25","0.7500","2621"
"1150225","9934","成霖","901863","8929791","9.95","9.98","9.85","9.92","-0.0200","656"
"1150225","9935","慶豐富","710548","13399743","19.00","19.00","18.70","19.00","0.0000","695"
"1150225","9937","全國","47642","2788594","58.30","58.80","58.30","58.80","0.3000","66"
"1150225","9938","百和","1096050","56936077","52.10","52.20","51.80","51.90","-0.2000","996"
"1150225","9939","宏全","1032104","126249034","121.50","123.50","121.50","123.50","1.5000","1095"
"1150225","9940","信義","391056","8594124","22.10","22.10","21.85","22.00","-0.0500","339"
"1150225","9941","裕融","3268561","240565717","74.60","74.60","73.20","73.40","-1.3000","4088"
"1150225","9941A","裕融甲特","22797","1146309","50.20","50.30","50.20","50.30","0.0000","17"
"1150225","9942","茂順","114106","13335316","117.00","117.50","116.50","117.00","0.5000","692"
"1150225","9943","好樂迪","81198","4817510","60.00","60.00","59.20","59.40","-0.2000","184"
"1150225","9944","新麗","71589","1202041","16.80","16.95","16.75","16.95","0.1500","67"
"1150225","9945","潤泰新","7813082","230325796","29.55","29.65","29.30","29.50","0.0000","3015"
"1150225","9946","三發地產","478400","7985993","16.70","16.85","16.60","16.65","-0.1000","169"
"1150225","9955","佳龍","658211","22205468","33.80","33.95","33.40","33.75","-0.0500","682"
"1150225","9958","世紀鋼","1007835","130627978","129.00","130.50","127.50","130.50","2.0000","1037"
